-- phpMyAdmin SQL Dump
-- version 5.2.2
-- https://www.phpmyadmin.net/
--
-- Host: localhost
-- Generation Time: Feb 04, 2025 at 06:14 AM
-- Server version: 8.0.41
-- PHP Version: 8.2.27

SET SQL_MODE = "NO_AUTO_VALUE_ON_ZERO";
START TRANSACTION;
SET time_zone = "+00:00";


/*!40101 SET @OLD_CHARACTER_SET_CLIENT=@@CHARACTER_SET_CLIENT */;
/*!40101 SET @OLD_CHARACTER_SET_RESULTS=@@CHARACTER_SET_RESULTS */;
/*!40101 SET @OLD_COLLATION_CONNECTION=@@COLLATION_CONNECTION */;
/*!40101 SET NAMES utf8mb4 */;

--
-- Database: `bikrihoy`
--

-- --------------------------------------------------------

--
-- Table structure for table `add_to_carts`
--

CREATE TABLE `add_to_carts` (
  `id` bigint UNSIGNED NOT NULL,
  `ip_address` varchar(255) DEFAULT NULL,
  `user_id` bigint UNSIGNED DEFAULT NULL,
  `product_id` bigint UNSIGNED NOT NULL,
  `qty` varchar(255) NOT NULL DEFAULT '1',
  `price` int NOT NULL,
  `p_color_id` bigint UNSIGNED DEFAULT NULL,
  `p_size_id` bigint UNSIGNED DEFAULT NULL,
  `created_at` timestamp NULL DEFAULT NULL,
  `updated_at` timestamp NULL DEFAULT NULL
) ENGINE=InnoDB DEFAULT CHARSET=utf8mb3;

-- --------------------------------------------------------

--
-- Table structure for table `banners`
--

CREATE TABLE `banners` (
  `id` bigint UNSIGNED NOT NULL,
  `image` varchar(255) NOT NULL,
  `status` enum('active','inactive') NOT NULL DEFAULT 'active',
  `created_at` timestamp NULL DEFAULT NULL,
  `updated_at` timestamp NULL DEFAULT NULL
) ENGINE=InnoDB DEFAULT CHARSET=utf8mb3;

-- --------------------------------------------------------

--
-- Table structure for table `blogs`
--

CREATE TABLE `blogs` (
  `id` bigint UNSIGNED NOT NULL,
  `title` varchar(255) NOT NULL,
  `subtitle` varchar(255) DEFAULT NULL,
  `author` varchar(255) DEFAULT NULL,
  `author_image` varchar(255) DEFAULT NULL,
  `slug` varchar(255) NOT NULL,
  `content` longtext NOT NULL,
  `image` varchar(255) DEFAULT NULL,
  `status` tinyint NOT NULL DEFAULT '1' COMMENT '1=active, 0=inactive',
  `created_at` timestamp NULL DEFAULT NULL,
  `updated_at` timestamp NULL DEFAULT NULL,
  `deleted_at` timestamp NULL DEFAULT NULL
) ENGINE=InnoDB DEFAULT CHARSET=utf8mb3;

-- --------------------------------------------------------

--
-- Table structure for table `brands`
--

CREATE TABLE `brands` (
  `id` bigint UNSIGNED NOT NULL,
  `title` varchar(255) NOT NULL,
  `img` varchar(255) NOT NULL,
  `slug` varchar(255) NOT NULL,
  `status` enum('active','inactive') NOT NULL DEFAULT 'active',
  `created_at` timestamp NULL DEFAULT NULL,
  `updated_at` timestamp NULL DEFAULT NULL
) ENGINE=InnoDB DEFAULT CHARSET=utf8mb3;

-- --------------------------------------------------------

--
-- Table structure for table `categories`
--

CREATE TABLE `categories` (
  `id` bigint UNSIGNED NOT NULL,
  `title` varchar(255) NOT NULL,
  `img` varchar(255) NOT NULL,
  `slug` varchar(255) NOT NULL,
  `summary` text,
  `status` enum('active','inactive') NOT NULL DEFAULT 'active',
  `created_at` timestamp NULL DEFAULT NULL,
  `updated_at` timestamp NULL DEFAULT NULL
) ENGINE=InnoDB DEFAULT CHARSET=utf8mb3;

--
-- Dumping data for table `categories`
--

INSERT INTO `categories` (`id`, `title`, `img`, `slug`, `summary`, `status`, `created_at`, `updated_at`) VALUES
(1, 'Cat1', 'seeder/c1.jpg', 'Cat1', NULL, 'active', NULL, NULL),
(2, 'Cat2', 'seeder/c2.jpg', 'Cat2', NULL, 'active', NULL, NULL),
(3, 'Cat3', 'seeder/c3.jpg', 'Cat3', NULL, 'active', NULL, NULL);

-- --------------------------------------------------------

--
-- Table structure for table `company_contacts`
--

CREATE TABLE `company_contacts` (
  `id` bigint UNSIGNED NOT NULL,
  `phone` varchar(255) DEFAULT NULL,
  `whatsapp` varchar(255) DEFAULT NULL,
  `facebook_page_link` varchar(255) DEFAULT NULL,
  `facebook_group_link` varchar(255) DEFAULT NULL,
  `email` varchar(255) DEFAULT NULL,
  `created_at` timestamp NULL DEFAULT NULL,
  `updated_at` timestamp NULL DEFAULT NULL
) ENGINE=InnoDB DEFAULT CHARSET=utf8mb3;

--
-- Dumping data for table `company_contacts`
--

INSERT INTO `company_contacts` (`id`, `phone`, `whatsapp`, `facebook_page_link`, `facebook_group_link`, `email`, `created_at`, `updated_at`) VALUES
(1, '01786743293', '01786743293', NULL, '', 'support@kasetbd.com', NULL, NULL);

-- --------------------------------------------------------

--
-- Table structure for table `company_infos`
--

CREATE TABLE `company_infos` (
  `id` bigint UNSIGNED NOT NULL,
  `name` varchar(255) NOT NULL,
  `title` varchar(255) NOT NULL,
  `logo` varchar(255) NOT NULL,
  `address` varchar(255) NOT NULL,
  `created_at` timestamp NULL DEFAULT NULL,
  `updated_at` timestamp NULL DEFAULT NULL
) ENGINE=InnoDB DEFAULT CHARSET=utf8mb3;

--
-- Dumping data for table `company_infos`
--

INSERT INTO `company_infos` (`id`, `name`, `title`, `logo`, `address`, `created_at`, `updated_at`) VALUES
(1, 'KasetBD', 'KasetBD', 'images/seeder/logo.png', 'Mirpur,Dhaka', NULL, NULL);

-- --------------------------------------------------------

--
-- Table structure for table `confirmed_orders`
--

CREATE TABLE `confirmed_orders` (
  `id` bigint UNSIGNED NOT NULL,
  `date` date NOT NULL,
  `created_at` timestamp NULL DEFAULT NULL,
  `updated_at` timestamp NULL DEFAULT NULL,
  `deleted_at` timestamp NULL DEFAULT NULL
) ENGINE=InnoDB DEFAULT CHARSET=utf8mb3;

--
-- Dumping data for table `confirmed_orders`
--

INSERT INTO `confirmed_orders` (`id`, `date`, `created_at`, `updated_at`, `deleted_at`) VALUES
(1, '2025-01-28', '2025-01-28 03:44:39', '2025-01-28 03:44:39', NULL),
(2, '2025-01-28', '2025-01-28 03:46:12', '2025-01-28 03:46:12', NULL),
(3, '2025-02-03', '2025-02-03 16:26:05', '2025-02-03 16:26:05', NULL),
(4, '2025-02-04', '2025-02-03 16:30:08', '2025-02-03 16:30:08', NULL);

-- --------------------------------------------------------

--
-- Table structure for table `contacts`
--

CREATE TABLE `contacts` (
  `id` bigint UNSIGNED NOT NULL,
  `name` varchar(255) DEFAULT NULL,
  `phone` varchar(255) DEFAULT NULL,
  `email` varchar(255) DEFAULT NULL,
  `district` varchar(255) DEFAULT NULL,
  `message` longtext,
  `created_at` timestamp NULL DEFAULT NULL,
  `updated_at` timestamp NULL DEFAULT NULL
) ENGINE=InnoDB DEFAULT CHARSET=utf8mb3;

-- --------------------------------------------------------

--
-- Table structure for table `excels`
--

CREATE TABLE `excels` (
  `id` bigint UNSIGNED NOT NULL,
  `confirmed_order_id` bigint UNSIGNED NOT NULL,
  `property` varchar(255) DEFAULT NULL,
  `value` varchar(255) DEFAULT NULL,
  `row` int NOT NULL,
  `created_at` timestamp NULL DEFAULT NULL,
  `updated_at` timestamp NULL DEFAULT NULL
) ENGINE=InnoDB DEFAULT CHARSET=utf8mb3;

--
-- Dumping data for table `excels`
--

INSERT INTO `excels` (`id`, `confirmed_order_id`, `property`, `value`, `row`, `created_at`, `updated_at`) VALUES
(1, 1, 'Invoice', '1', 1, '2025-01-28 03:44:39', '2025-01-28 03:44:39'),
(2, 1, 'Name', 'মোঃ সাজেদুল ইসলাম', 1, '2025-01-28 03:44:39', '2025-01-28 03:44:39'),
(3, 1, 'Phone', '1763533515', 1, '2025-01-28 03:44:39', '2025-01-28 03:44:39'),
(4, 1, 'Address', 'গোদাগাড়ী, রাজশাহী', 1, '2025-01-28 03:44:39', '2025-01-28 03:44:39'),
(5, 1, 'Amount', '670', 1, '2025-01-28 03:44:39', '2025-01-28 03:44:39'),
(6, 1, 'Note', '1', 1, '2025-01-28 03:44:39', '2025-01-28 03:44:39'),
(7, 1, 'Invoice', '1', 2, '2025-01-28 03:44:39', '2025-01-28 03:44:39'),
(8, 1, 'Name', 'Saiful Manna', 2, '2025-01-28 03:44:39', '2025-01-28 03:44:39'),
(9, 1, 'Phone', '1745111691', 2, '2025-01-28 03:44:39', '2025-01-28 03:44:39'),
(10, 1, 'Address', '1/1/2001', 2, '2025-01-28 03:44:39', '2025-01-28 03:44:39'),
(11, 1, 'Amount', '610', 2, '2025-01-28 03:44:39', '2025-01-28 03:44:39'),
(12, 1, 'Note', '1', 2, '2025-01-28 03:44:39', '2025-01-28 03:44:39'),
(13, 1, 'Invoice', '1', 3, '2025-01-28 03:44:39', '2025-01-28 03:44:39'),
(14, 1, 'Name', 'Mizanur', 3, '2025-01-28 03:44:39', '2025-01-28 03:44:39'),
(15, 1, 'Phone', '1975417684', 3, '2025-01-28 03:44:39', '2025-01-28 03:44:39'),
(16, 1, 'Address', 'Muktagacha mymonsingh', 3, '2025-01-28 03:44:39', '2025-01-28 03:44:39'),
(17, 1, 'Amount', '670', 3, '2025-01-28 03:44:39', '2025-01-28 03:44:39'),
(18, 1, 'Note', '1', 3, '2025-01-28 03:44:39', '2025-01-28 03:44:39'),
(19, 1, 'Invoice', '1', 4, '2025-01-28 03:44:39', '2025-01-28 03:44:39'),
(20, 1, 'Name', 'Noyan', 4, '2025-01-28 03:44:39', '2025-01-28 03:44:39'),
(21, 1, 'Phone', '1812767541', 4, '2025-01-28 03:44:39', '2025-01-28 03:44:39'),
(22, 1, 'Address', 'কক্সবাজার,চকরিয়া,বরইতলী একতাবাজার', 4, '2025-01-28 03:44:39', '2025-01-28 03:44:39'),
(23, 1, 'Amount', '670', 4, '2025-01-28 03:44:39', '2025-01-28 03:44:39'),
(24, 1, 'Note', '1', 4, '2025-01-28 03:44:39', '2025-01-28 03:44:39'),
(25, 1, 'Invoice', '1', 5, '2025-01-28 03:44:39', '2025-01-28 03:44:39'),
(26, 1, 'Name', 'Abdul Hannan', 5, '2025-01-28 03:44:39', '2025-01-28 03:44:39'),
(27, 1, 'Phone', '1721514900', 5, '2025-01-28 03:44:39', '2025-01-28 03:44:39'),
(28, 1, 'Address', 'TMSS office, Bogura.', 5, '2025-01-28 03:44:39', '2025-01-28 03:44:39'),
(29, 1, 'Amount', '670', 5, '2025-01-28 03:44:39', '2025-01-28 03:44:39'),
(30, 1, 'Note', '0', 5, '2025-01-28 03:44:39', '2025-01-28 03:44:39'),
(31, 1, 'Invoice', '11', 6, '2025-01-28 03:44:39', '2025-01-28 03:44:39'),
(32, 1, 'Name', 'Rabiul', 6, '2025-01-28 03:44:39', '2025-01-28 03:44:39'),
(33, 1, 'Phone', '1740877351', 6, '2025-01-28 03:44:39', '2025-01-28 03:44:39'),
(34, 1, 'Address', 'Fakirhat.bagerhat', 6, '2025-01-28 03:44:39', '2025-01-28 03:44:39'),
(35, 1, 'Amount', '670', 6, '2025-01-28 03:44:39', '2025-01-28 03:44:39'),
(36, 1, 'Note', '1', 6, '2025-01-28 03:44:39', '2025-01-28 03:44:39'),
(37, 1, 'Invoice', '1', 7, '2025-01-28 03:44:39', '2025-01-28 03:44:39'),
(38, 1, 'Name', 'সোহেল', 7, '2025-01-28 03:44:39', '2025-01-28 03:44:39'),
(39, 1, 'Phone', '1877480860', 7, '2025-01-28 03:44:39', '2025-01-28 03:44:39'),
(40, 1, 'Address', 'গুলিয়াখালী,সীতাকুণ্ড,চট্টগ্রাম।', 7, '2025-01-28 03:44:39', '2025-01-28 03:44:39'),
(41, 1, 'Amount', '660', 7, '2025-01-28 03:44:39', '2025-01-28 03:44:39'),
(42, 1, 'Note', '0', 7, '2025-01-28 03:44:39', '2025-01-28 03:44:39'),
(43, 1, 'Invoice', '1', 8, '2025-01-28 03:44:39', '2025-01-28 03:44:39'),
(44, 1, 'Name', 'মোঃ সাজেদুল ইসলাম', 8, '2025-01-28 03:44:39', '2025-01-28 03:44:39'),
(45, 1, 'Phone', '1763533515', 8, '2025-01-28 03:44:39', '2025-01-28 03:44:39'),
(46, 1, 'Address', 'গোদাগাড়ী, রাজশাহী', 8, '2025-01-28 03:44:39', '2025-01-28 03:44:39'),
(47, 1, 'Amount', '670', 8, '2025-01-28 03:44:39', '2025-01-28 03:44:39'),
(48, 1, 'Note', '1', 8, '2025-01-28 03:44:39', '2025-01-28 03:44:39'),
(49, 1, 'Invoice', '1', 9, '2025-01-28 03:44:39', '2025-01-28 03:44:39'),
(50, 1, 'Name', 'Mizan nur', 9, '2025-01-28 03:44:39', '2025-01-28 03:44:39'),
(51, 1, 'Phone', '8801781437236', 9, '2025-01-28 03:44:39', '2025-01-28 03:44:39'),
(52, 1, 'Address', 'সিলেট সদর মেজরটিলা বাজার সিলেট', 9, '2025-01-28 03:44:39', '2025-01-28 03:44:39'),
(53, 1, 'Amount', '670', 9, '2025-01-28 03:44:39', '2025-01-28 03:44:39'),
(54, 1, 'Note', '1', 9, '2025-01-28 03:44:39', '2025-01-28 03:44:39'),
(55, 1, 'Invoice', '11', 10, '2025-01-28 03:44:39', '2025-01-28 03:44:39'),
(56, 1, 'Name', 'Jobayer Mahmud Shifat', 10, '2025-01-28 03:44:39', '2025-01-28 03:44:39'),
(57, 1, 'Phone', '1975595951', 10, '2025-01-28 03:44:39', '2025-01-28 03:44:39'),
(58, 1, 'Address', 'Dakshin khan, sardar bari bus stand', 10, '2025-01-28 03:44:39', '2025-01-28 03:44:39'),
(59, 1, 'Amount', '610', 10, '2025-01-28 03:44:39', '2025-01-28 03:44:39'),
(60, 1, 'Note', '1', 10, '2025-01-28 03:44:39', '2025-01-28 03:44:39'),
(61, 2, 'Invoice', '1', 1, '2025-01-28 03:46:12', '2025-01-28 03:46:12'),
(62, 2, 'Name', 'মোঃ সাজেদুল ইসলাম', 1, '2025-01-28 03:46:12', '2025-01-28 03:46:12'),
(63, 2, 'Phone', '1763533515', 1, '2025-01-28 03:46:12', '2025-01-28 03:46:12'),
(64, 2, 'Address', 'গোদাগাড়ী, রাজশাহী', 1, '2025-01-28 03:46:12', '2025-01-28 03:46:12'),
(65, 2, 'Amount', '670', 1, '2025-01-28 03:46:12', '2025-01-28 03:46:12'),
(66, 2, 'Note', NULL, 1, '2025-01-28 03:46:12', '2025-01-28 03:46:12'),
(67, 2, 'Invoice', '1', 2, '2025-01-28 03:46:12', '2025-01-28 03:46:12'),
(68, 2, 'Name', 'Saiful Manna', 2, '2025-01-28 03:46:12', '2025-01-28 03:46:12'),
(69, 2, 'Phone', '1745111691', 2, '2025-01-28 03:46:12', '2025-01-28 03:46:12'),
(70, 2, 'Address', '1/1/2001', 2, '2025-01-28 03:46:12', '2025-01-28 03:46:12'),
(71, 2, 'Amount', '610', 2, '2025-01-28 03:46:12', '2025-01-28 03:46:12'),
(72, 2, 'Note', '1', 2, '2025-01-28 03:46:12', '2025-01-28 03:46:12'),
(73, 2, 'Invoice', '1', 3, '2025-01-28 03:46:12', '2025-01-28 03:46:12'),
(74, 2, 'Name', 'Mizanur', 3, '2025-01-28 03:46:12', '2025-01-28 03:46:12'),
(75, 2, 'Phone', '1975417684', 3, '2025-01-28 03:46:12', '2025-01-28 03:46:12'),
(76, 2, 'Address', 'Muktagacha mymonsingh', 3, '2025-01-28 03:46:12', '2025-01-28 03:46:12'),
(77, 2, 'Amount', '670', 3, '2025-01-28 03:46:12', '2025-01-28 03:46:12'),
(78, 2, 'Note', '1', 3, '2025-01-28 03:46:12', '2025-01-28 03:46:12'),
(79, 2, 'Invoice', '1', 4, '2025-01-28 03:46:12', '2025-01-28 03:46:12'),
(80, 2, 'Name', 'Noyan', 4, '2025-01-28 03:46:12', '2025-01-28 03:46:12'),
(81, 2, 'Phone', '1812767541', 4, '2025-01-28 03:46:12', '2025-01-28 03:46:12'),
(82, 2, 'Address', 'কক্সবাজার,চকরিয়া,বরইতলী একতাবাজার', 4, '2025-01-28 03:46:12', '2025-01-28 03:46:12'),
(83, 2, 'Amount', '670', 4, '2025-01-28 03:46:12', '2025-01-28 03:46:12'),
(84, 2, 'Note', '1', 4, '2025-01-28 03:46:12', '2025-01-28 03:46:12'),
(85, 2, 'Invoice', '1', 5, '2025-01-28 03:46:12', '2025-01-28 03:46:12'),
(86, 2, 'Name', 'Abdul Hannan', 5, '2025-01-28 03:46:12', '2025-01-28 03:46:12'),
(87, 2, 'Phone', '1721514900', 5, '2025-01-28 03:46:12', '2025-01-28 03:46:12'),
(88, 2, 'Address', 'TMSS office, Bogura.', 5, '2025-01-28 03:46:12', '2025-01-28 03:46:12'),
(89, 2, 'Amount', '670', 5, '2025-01-28 03:46:12', '2025-01-28 03:46:12'),
(90, 2, 'Note', NULL, 5, '2025-01-28 03:46:12', '2025-01-28 03:46:12'),
(91, 2, 'Invoice', '11', 6, '2025-01-28 03:46:12', '2025-01-28 03:46:12'),
(92, 2, 'Name', 'Rabiul', 6, '2025-01-28 03:46:12', '2025-01-28 03:46:12'),
(93, 2, 'Phone', '1740877351', 6, '2025-01-28 03:46:12', '2025-01-28 03:46:12'),
(94, 2, 'Address', 'Fakirhat.bagerhat', 6, '2025-01-28 03:46:12', '2025-01-28 03:46:12'),
(95, 2, 'Amount', '670', 6, '2025-01-28 03:46:12', '2025-01-28 03:46:12'),
(96, 2, 'Note', '1', 6, '2025-01-28 03:46:12', '2025-01-28 03:46:12'),
(97, 2, 'Invoice', '1', 7, '2025-01-28 03:46:12', '2025-01-28 03:46:12'),
(98, 2, 'Name', 'সোহেল', 7, '2025-01-28 03:46:12', '2025-01-28 03:46:12'),
(99, 2, 'Phone', '1877480860', 7, '2025-01-28 03:46:12', '2025-01-28 03:46:12'),
(100, 2, 'Address', 'গুলিয়াখালী,সীতাকুণ্ড,চট্টগ্রাম।', 7, '2025-01-28 03:46:12', '2025-01-28 03:46:12'),
(101, 2, 'Amount', '660', 7, '2025-01-28 03:46:12', '2025-01-28 03:46:12'),
(102, 2, 'Note', '0', 7, '2025-01-28 03:46:12', '2025-01-28 03:46:12'),
(103, 2, 'Invoice', '1', 8, '2025-01-28 03:46:12', '2025-01-28 03:46:12'),
(104, 2, 'Name', 'মোঃ সাজেদুল ইসলাম', 8, '2025-01-28 03:46:12', '2025-01-28 03:46:12'),
(105, 2, 'Phone', '1763533515', 8, '2025-01-28 03:46:12', '2025-01-28 03:46:12'),
(106, 2, 'Address', 'গোদাগাড়ী, রাজশাহী', 8, '2025-01-28 03:46:12', '2025-01-28 03:46:12'),
(107, 2, 'Amount', '670', 8, '2025-01-28 03:46:12', '2025-01-28 03:46:12'),
(108, 2, 'Note', NULL, 8, '2025-01-28 03:46:12', '2025-01-28 03:46:12'),
(109, 2, 'Invoice', '1', 9, '2025-01-28 03:46:12', '2025-01-28 03:46:12'),
(110, 2, 'Name', 'Mizan nur', 9, '2025-01-28 03:46:12', '2025-01-28 03:46:12'),
(111, 2, 'Phone', '8801781437236', 9, '2025-01-28 03:46:12', '2025-01-28 03:46:12'),
(112, 2, 'Address', 'সিলেট সদর মেজরটিলা বাজার সিলেট', 9, '2025-01-28 03:46:12', '2025-01-28 03:46:12'),
(113, 2, 'Amount', '670', 9, '2025-01-28 03:46:12', '2025-01-28 03:46:12'),
(114, 2, 'Note', '1', 9, '2025-01-28 03:46:12', '2025-01-28 03:46:12'),
(115, 2, 'Invoice', '11', 10, '2025-01-28 03:46:12', '2025-01-28 03:46:12'),
(116, 2, 'Name', 'Jobayer Mahmud Shifat', 10, '2025-01-28 03:46:12', '2025-01-28 03:46:12'),
(117, 2, 'Phone', '1975595951', 10, '2025-01-28 03:46:12', '2025-01-28 03:46:12'),
(118, 2, 'Address', 'Dakshin khan, sardar bari bus stand', 10, '2025-01-28 03:46:12', '2025-01-28 03:46:12'),
(119, 2, 'Amount', '610', 10, '2025-01-28 03:46:12', '2025-01-28 03:46:12'),
(120, 2, 'Note', '1', 10, '2025-01-28 03:46:12', '2025-01-28 03:46:12'),
(121, 3, 'Invoice', '1', 1, '2025-02-03 16:26:05', '2025-02-03 16:26:05'),
(122, 3, 'Name', 'মোঃ সাজেদুল ইসলাম', 1, '2025-02-03 16:26:05', '2025-02-03 16:26:05'),
(123, 3, 'Phone', '1763533515', 1, '2025-02-03 16:26:05', '2025-02-03 16:26:05'),
(124, 3, 'Address', 'গোদাগাড়ী, রাজশাহী', 1, '2025-02-03 16:26:05', '2025-02-03 16:26:05'),
(125, 3, 'Amount', '670', 1, '2025-02-03 16:26:05', '2025-02-03 16:26:05'),
(126, 3, 'Note', NULL, 1, '2025-02-03 16:26:05', '2025-02-03 16:26:05'),
(127, 3, 'Invoice', '1', 2, '2025-02-03 16:26:05', '2025-02-03 16:26:05'),
(128, 3, 'Name', 'Saiful Manna', 2, '2025-02-03 16:26:05', '2025-02-03 16:26:05'),
(129, 3, 'Phone', '1745111691', 2, '2025-02-03 16:26:05', '2025-02-03 16:26:05'),
(130, 3, 'Address', '1/1/2001', 2, '2025-02-03 16:26:05', '2025-02-03 16:26:05'),
(131, 3, 'Amount', '610', 2, '2025-02-03 16:26:05', '2025-02-03 16:26:05'),
(132, 3, 'Note', '1', 2, '2025-02-03 16:26:05', '2025-02-03 16:26:05'),
(133, 3, 'Invoice', '1', 3, '2025-02-03 16:26:05', '2025-02-03 16:26:05'),
(134, 3, 'Name', 'Mizanur', 3, '2025-02-03 16:26:05', '2025-02-03 16:26:05'),
(135, 3, 'Phone', '1975417684', 3, '2025-02-03 16:26:05', '2025-02-03 16:26:05'),
(136, 3, 'Address', 'Muktagacha mymonsingh', 3, '2025-02-03 16:26:05', '2025-02-03 16:26:05'),
(137, 3, 'Amount', '670', 3, '2025-02-03 16:26:05', '2025-02-03 16:26:05'),
(138, 3, 'Note', '1', 3, '2025-02-03 16:26:05', '2025-02-03 16:26:05'),
(139, 3, 'Invoice', '1', 4, '2025-02-03 16:26:05', '2025-02-03 16:26:05'),
(140, 3, 'Name', 'Noyan', 4, '2025-02-03 16:26:05', '2025-02-03 16:26:05'),
(141, 3, 'Phone', '1812767541', 4, '2025-02-03 16:26:05', '2025-02-03 16:26:05'),
(142, 3, 'Address', 'কক্সবাজার,চকরিয়া,বরইতলী একতাবাজার', 4, '2025-02-03 16:26:05', '2025-02-03 16:26:05'),
(143, 3, 'Amount', '670', 4, '2025-02-03 16:26:05', '2025-02-03 16:26:05'),
(144, 3, 'Note', '1', 4, '2025-02-03 16:26:05', '2025-02-03 16:26:05'),
(145, 3, 'Invoice', '1', 5, '2025-02-03 16:26:05', '2025-02-03 16:26:05'),
(146, 3, 'Name', 'Abdul Hannan', 5, '2025-02-03 16:26:05', '2025-02-03 16:26:05'),
(147, 3, 'Phone', '1721514900', 5, '2025-02-03 16:26:05', '2025-02-03 16:26:05'),
(148, 3, 'Address', 'TMSS office, Bogura.', 5, '2025-02-03 16:26:05', '2025-02-03 16:26:05'),
(149, 3, 'Amount', '670', 5, '2025-02-03 16:26:05', '2025-02-03 16:26:05'),
(150, 3, 'Note', NULL, 5, '2025-02-03 16:26:05', '2025-02-03 16:26:05'),
(151, 3, 'Invoice', '11', 6, '2025-02-03 16:26:05', '2025-02-03 16:26:05'),
(152, 3, 'Name', 'Rabiul', 6, '2025-02-03 16:26:05', '2025-02-03 16:26:05'),
(153, 3, 'Phone', '1740877351', 6, '2025-02-03 16:26:05', '2025-02-03 16:26:05'),
(154, 3, 'Address', 'Fakirhat.bagerhat', 6, '2025-02-03 16:26:05', '2025-02-03 16:26:05'),
(155, 3, 'Amount', '670', 6, '2025-02-03 16:26:05', '2025-02-03 16:26:05'),
(156, 3, 'Note', '1', 6, '2025-02-03 16:26:05', '2025-02-03 16:26:05'),
(157, 3, 'Invoice', '1', 7, '2025-02-03 16:26:05', '2025-02-03 16:26:05'),
(158, 3, 'Name', 'সোহেল', 7, '2025-02-03 16:26:05', '2025-02-03 16:26:05'),
(159, 3, 'Phone', '1877480860', 7, '2025-02-03 16:26:05', '2025-02-03 16:26:05'),
(160, 3, 'Address', 'গুলিয়াখালী,সীতাকুণ্ড,চট্টগ্রাম।', 7, '2025-02-03 16:26:05', '2025-02-03 16:26:05'),
(161, 3, 'Amount', '660', 7, '2025-02-03 16:26:05', '2025-02-03 16:26:05'),
(162, 3, 'Note', '0', 7, '2025-02-03 16:26:05', '2025-02-03 16:26:05'),
(163, 3, 'Invoice', '1', 8, '2025-02-03 16:26:05', '2025-02-03 16:26:05'),
(164, 3, 'Name', 'মোঃ সাজেদুল ইসলাম', 8, '2025-02-03 16:26:05', '2025-02-03 16:26:05'),
(165, 3, 'Phone', '1763533515', 8, '2025-02-03 16:26:05', '2025-02-03 16:26:05'),
(166, 3, 'Address', 'গোদাগাড়ী, রাজশাহী', 8, '2025-02-03 16:26:05', '2025-02-03 16:26:05'),
(167, 3, 'Amount', '670', 8, '2025-02-03 16:26:05', '2025-02-03 16:26:05'),
(168, 3, 'Note', NULL, 8, '2025-02-03 16:26:05', '2025-02-03 16:26:05'),
(169, 3, 'Invoice', '1', 9, '2025-02-03 16:26:05', '2025-02-03 16:26:05'),
(170, 3, 'Name', 'Mizan nur', 9, '2025-02-03 16:26:05', '2025-02-03 16:26:05'),
(171, 3, 'Phone', '8801781437236', 9, '2025-02-03 16:26:05', '2025-02-03 16:26:05'),
(172, 3, 'Address', 'সিলেট সদর মেজরটিলা বাজার সিলেট', 9, '2025-02-03 16:26:05', '2025-02-03 16:26:05'),
(173, 3, 'Amount', '670', 9, '2025-02-03 16:26:05', '2025-02-03 16:26:05'),
(174, 3, 'Note', '1', 9, '2025-02-03 16:26:05', '2025-02-03 16:26:05'),
(175, 3, 'Invoice', '11', 10, '2025-02-03 16:26:05', '2025-02-03 16:26:05'),
(176, 3, 'Name', 'Jobayer Mahmud Shifat', 10, '2025-02-03 16:26:05', '2025-02-03 16:26:05'),
(177, 3, 'Phone', '1975595951', 10, '2025-02-03 16:26:05', '2025-02-03 16:26:05'),
(178, 3, 'Address', 'Dakshin khan, sardar bari bus stand', 10, '2025-02-03 16:26:05', '2025-02-03 16:26:05'),
(179, 3, 'Amount', '610', 10, '2025-02-03 16:26:05', '2025-02-03 16:26:05'),
(180, 3, 'Note', '1', 10, '2025-02-03 16:26:05', '2025-02-03 16:26:05'),
(181, 4, 'Invoice', '1', 1, '2025-02-03 16:30:08', '2025-02-03 16:30:08'),
(182, 4, 'Name', 'মোঃ সাজেদুল ইসলাম', 1, '2025-02-03 16:30:08', '2025-02-03 16:30:08'),
(183, 4, 'Address', 'গোদাগাড়ী, রাজশাহী', 1, '2025-02-03 16:30:08', '2025-02-03 16:30:08'),
(184, 4, 'Phone', '1763533515', 1, '2025-02-03 16:30:08', '2025-02-03 16:30:08'),
(185, 4, 'Amount', '670', 1, '2025-02-03 16:30:08', '2025-02-03 16:30:08'),
(186, 4, 'Note', '1', 1, '2025-02-03 16:30:08', '2025-02-03 16:30:08'),
(187, 4, 'Invoice', '1', 2, '2025-02-03 16:30:08', '2025-02-03 16:30:08'),
(188, 4, 'Name', 'Saiful Manna', 2, '2025-02-03 16:30:08', '2025-02-03 16:30:08'),
(189, 4, 'Address', '1/1/2001', 2, '2025-02-03 16:30:08', '2025-02-03 16:30:08'),
(190, 4, 'Phone', '1745111691', 2, '2025-02-03 16:30:08', '2025-02-03 16:30:08'),
(191, 4, 'Amount', '610', 2, '2025-02-03 16:30:08', '2025-02-03 16:30:08'),
(192, 4, 'Note', '1', 2, '2025-02-03 16:30:08', '2025-02-03 16:30:08'),
(193, 4, 'Invoice', '1', 3, '2025-02-03 16:30:08', '2025-02-03 16:30:08'),
(194, 4, 'Name', 'Mizanur', 3, '2025-02-03 16:30:08', '2025-02-03 16:30:08'),
(195, 4, 'Address', 'Muktagacha mymonsingh', 3, '2025-02-03 16:30:08', '2025-02-03 16:30:08'),
(196, 4, 'Phone', '1975417684', 3, '2025-02-03 16:30:08', '2025-02-03 16:30:08'),
(197, 4, 'Amount', '670', 3, '2025-02-03 16:30:08', '2025-02-03 16:30:08'),
(198, 4, 'Note', '1', 3, '2025-02-03 16:30:08', '2025-02-03 16:30:08'),
(199, 4, 'Invoice', '1', 4, '2025-02-03 16:30:08', '2025-02-03 16:30:08'),
(200, 4, 'Name', 'Noyan', 4, '2025-02-03 16:30:08', '2025-02-03 16:30:08'),
(201, 4, 'Address', 'কক্সবাজার,চকরিয়া,বরইতলী একতাবাজার', 4, '2025-02-03 16:30:08', '2025-02-03 16:30:08'),
(202, 4, 'Phone', '1812767541', 4, '2025-02-03 16:30:08', '2025-02-03 16:30:08'),
(203, 4, 'Amount', '670', 4, '2025-02-03 16:30:08', '2025-02-03 16:30:08'),
(204, 4, 'Note', '1', 4, '2025-02-03 16:30:08', '2025-02-03 16:30:08'),
(205, 4, 'Invoice', '1', 5, '2025-02-03 16:30:08', '2025-02-03 16:30:08'),
(206, 4, 'Name', 'Abdul Hannan', 5, '2025-02-03 16:30:08', '2025-02-03 16:30:08'),
(207, 4, 'Address', 'TMSS office, Bogura.', 5, '2025-02-03 16:30:08', '2025-02-03 16:30:08'),
(208, 4, 'Phone', '1721514900', 5, '2025-02-03 16:30:08', '2025-02-03 16:30:08'),
(209, 4, 'Amount', '670', 5, '2025-02-03 16:30:08', '2025-02-03 16:30:08'),
(210, 4, 'Note', '0', 5, '2025-02-03 16:30:08', '2025-02-03 16:30:08'),
(211, 4, 'Invoice', '11', 6, '2025-02-03 16:30:08', '2025-02-03 16:30:08'),
(212, 4, 'Name', 'Rabiul', 6, '2025-02-03 16:30:08', '2025-02-03 16:30:08'),
(213, 4, 'Address', 'Fakirhat.bagerhat', 6, '2025-02-03 16:30:08', '2025-02-03 16:30:08'),
(214, 4, 'Phone', '1740877351', 6, '2025-02-03 16:30:08', '2025-02-03 16:30:08'),
(215, 4, 'Amount', '670', 6, '2025-02-03 16:30:08', '2025-02-03 16:30:08'),
(216, 4, 'Note', '1', 6, '2025-02-03 16:30:08', '2025-02-03 16:30:08'),
(217, 4, 'Invoice', '1', 7, '2025-02-03 16:30:08', '2025-02-03 16:30:08'),
(218, 4, 'Name', 'সোহেল', 7, '2025-02-03 16:30:08', '2025-02-03 16:30:08'),
(219, 4, 'Address', 'গুলিয়াখালী,সীতাকুণ্ড,চট্টগ্রাম।', 7, '2025-02-03 16:30:08', '2025-02-03 16:30:08'),
(220, 4, 'Phone', '1877480860', 7, '2025-02-03 16:30:08', '2025-02-03 16:30:08'),
(221, 4, 'Amount', '660', 7, '2025-02-03 16:30:08', '2025-02-03 16:30:08'),
(222, 4, 'Note', '0', 7, '2025-02-03 16:30:08', '2025-02-03 16:30:08'),
(223, 4, 'Invoice', '1', 8, '2025-02-03 16:30:08', '2025-02-03 16:30:08'),
(224, 4, 'Name', 'মোঃ সাজেদুল ইসলাম', 8, '2025-02-03 16:30:08', '2025-02-03 16:30:08'),
(225, 4, 'Address', 'গোদাগাড়ী, রাজশাহী', 8, '2025-02-03 16:30:08', '2025-02-03 16:30:08'),
(226, 4, 'Phone', '1763533515', 8, '2025-02-03 16:30:08', '2025-02-03 16:30:08'),
(227, 4, 'Amount', '670', 8, '2025-02-03 16:30:08', '2025-02-03 16:30:08'),
(228, 4, 'Note', '1', 8, '2025-02-03 16:30:08', '2025-02-03 16:30:08'),
(229, 4, 'Invoice', '1', 9, '2025-02-03 16:30:08', '2025-02-03 16:30:08'),
(230, 4, 'Name', 'Mizan nur', 9, '2025-02-03 16:30:08', '2025-02-03 16:30:08'),
(231, 4, 'Address', 'সিলেট সদর মেজরটিলা বাজার সিলেট', 9, '2025-02-03 16:30:08', '2025-02-03 16:30:08'),
(232, 4, 'Phone', '8801781437236', 9, '2025-02-03 16:30:08', '2025-02-03 16:30:08'),
(233, 4, 'Amount', '670', 9, '2025-02-03 16:30:08', '2025-02-03 16:30:08'),
(234, 4, 'Note', '1', 9, '2025-02-03 16:30:08', '2025-02-03 16:30:08'),
(235, 4, 'Invoice', '11', 10, '2025-02-03 16:30:08', '2025-02-03 16:30:08'),
(236, 4, 'Name', 'Jobayer Mahmud Shifat', 10, '2025-02-03 16:30:08', '2025-02-03 16:30:08'),
(237, 4, 'Address', 'Dakshin khan, sardar bari bus stand', 10, '2025-02-03 16:30:08', '2025-02-03 16:30:08'),
(238, 4, 'Phone', '1975595951', 10, '2025-02-03 16:30:08', '2025-02-03 16:30:08'),
(239, 4, 'Amount', '610', 10, '2025-02-03 16:30:08', '2025-02-03 16:30:08'),
(240, 4, 'Note', '1', 10, '2025-02-03 16:30:08', '2025-02-03 16:30:08'),
(241, 4, 'Invoice', '1', 11, '2025-02-03 16:30:08', '2025-02-03 16:30:08'),
(242, 4, 'Name', 'মোঃ সাজেদুল ইসলাম', 11, '2025-02-03 16:30:08', '2025-02-03 16:30:08'),
(243, 4, 'Address', 'গোদাগাড়ী, রাজশাহী', 11, '2025-02-03 16:30:08', '2025-02-03 16:30:08'),
(244, 4, 'Phone', '1763533515', 11, '2025-02-03 16:30:08', '2025-02-03 16:30:08'),
(245, 4, 'Amount', '670', 11, '2025-02-03 16:30:08', '2025-02-03 16:30:08'),
(246, 4, 'Note', NULL, 11, '2025-02-03 16:30:08', '2025-02-03 16:30:08'),
(247, 4, 'Invoice', '1', 12, '2025-02-03 16:30:08', '2025-02-03 16:30:08'),
(248, 4, 'Name', 'Saiful Manna', 12, '2025-02-03 16:30:08', '2025-02-03 16:30:08'),
(249, 4, 'Address', '1/1/2001', 12, '2025-02-03 16:30:08', '2025-02-03 16:30:08'),
(250, 4, 'Phone', '1745111691', 12, '2025-02-03 16:30:08', '2025-02-03 16:30:08'),
(251, 4, 'Amount', '610', 12, '2025-02-03 16:30:08', '2025-02-03 16:30:08'),
(252, 4, 'Note', '1', 12, '2025-02-03 16:30:08', '2025-02-03 16:30:08'),
(253, 4, 'Invoice', '1', 13, '2025-02-03 16:30:08', '2025-02-03 16:30:08'),
(254, 4, 'Name', 'Mizanur', 13, '2025-02-03 16:30:08', '2025-02-03 16:30:08'),
(255, 4, 'Address', 'Muktagacha mymonsingh', 13, '2025-02-03 16:30:08', '2025-02-03 16:30:08'),
(256, 4, 'Phone', '1975417684', 13, '2025-02-03 16:30:08', '2025-02-03 16:30:08'),
(257, 4, 'Amount', '670', 13, '2025-02-03 16:30:08', '2025-02-03 16:30:08'),
(258, 4, 'Note', '1', 13, '2025-02-03 16:30:08', '2025-02-03 16:30:08'),
(259, 4, 'Invoice', '1', 14, '2025-02-03 16:30:08', '2025-02-03 16:30:08'),
(260, 4, 'Name', 'Noyan', 14, '2025-02-03 16:30:08', '2025-02-03 16:30:08'),
(261, 4, 'Address', 'কক্সবাজার,চকরিয়া,বরইতলী একতাবাজার', 14, '2025-02-03 16:30:08', '2025-02-03 16:30:08'),
(262, 4, 'Phone', '1812767541', 14, '2025-02-03 16:30:08', '2025-02-03 16:30:08'),
(263, 4, 'Amount', '670', 14, '2025-02-03 16:30:08', '2025-02-03 16:30:08'),
(264, 4, 'Note', '1', 14, '2025-02-03 16:30:08', '2025-02-03 16:30:08'),
(265, 4, 'Invoice', '1', 15, '2025-02-03 16:30:08', '2025-02-03 16:30:08'),
(266, 4, 'Name', 'Abdul Hannan', 15, '2025-02-03 16:30:08', '2025-02-03 16:30:08'),
(267, 4, 'Address', 'TMSS office, Bogura.', 15, '2025-02-03 16:30:08', '2025-02-03 16:30:08'),
(268, 4, 'Phone', '1721514900', 15, '2025-02-03 16:30:08', '2025-02-03 16:30:08'),
(269, 4, 'Amount', '670', 15, '2025-02-03 16:30:08', '2025-02-03 16:30:08'),
(270, 4, 'Note', NULL, 15, '2025-02-03 16:30:08', '2025-02-03 16:30:08'),
(271, 4, 'Invoice', '11', 16, '2025-02-03 16:30:08', '2025-02-03 16:30:08'),
(272, 4, 'Name', 'Rabiul', 16, '2025-02-03 16:30:08', '2025-02-03 16:30:08'),
(273, 4, 'Address', 'Fakirhat.bagerhat', 16, '2025-02-03 16:30:08', '2025-02-03 16:30:08'),
(274, 4, 'Phone', '1740877351', 16, '2025-02-03 16:30:08', '2025-02-03 16:30:08'),
(275, 4, 'Amount', '670', 16, '2025-02-03 16:30:08', '2025-02-03 16:30:08'),
(276, 4, 'Note', '1', 16, '2025-02-03 16:30:08', '2025-02-03 16:30:08'),
(277, 4, 'Invoice', '1', 17, '2025-02-03 16:30:08', '2025-02-03 16:30:08'),
(278, 4, 'Name', 'সোহেল', 17, '2025-02-03 16:30:08', '2025-02-03 16:30:08'),
(279, 4, 'Address', 'গুলিয়াখালী,সীতাকুণ্ড,চট্টগ্রাম।', 17, '2025-02-03 16:30:08', '2025-02-03 16:30:08'),
(280, 4, 'Phone', '1877480860', 17, '2025-02-03 16:30:08', '2025-02-03 16:30:08'),
(281, 4, 'Amount', '660', 17, '2025-02-03 16:30:08', '2025-02-03 16:30:08'),
(282, 4, 'Note', '0', 17, '2025-02-03 16:30:08', '2025-02-03 16:30:08'),
(283, 4, 'Invoice', '1', 18, '2025-02-03 16:30:08', '2025-02-03 16:30:08'),
(284, 4, 'Name', 'মোঃ সাজেদুল ইসলাম', 18, '2025-02-03 16:30:08', '2025-02-03 16:30:08'),
(285, 4, 'Address', 'গোদাগাড়ী, রাজশাহী', 18, '2025-02-03 16:30:08', '2025-02-03 16:30:08'),
(286, 4, 'Phone', '1763533515', 18, '2025-02-03 16:30:08', '2025-02-03 16:30:08'),
(287, 4, 'Amount', '670', 18, '2025-02-03 16:30:08', '2025-02-03 16:30:08'),
(288, 4, 'Note', NULL, 18, '2025-02-03 16:30:08', '2025-02-03 16:30:08'),
(289, 4, 'Invoice', '1', 19, '2025-02-03 16:30:08', '2025-02-03 16:30:08'),
(290, 4, 'Name', 'Mizan nur', 19, '2025-02-03 16:30:08', '2025-02-03 16:30:08'),
(291, 4, 'Address', 'সিলেট সদর মেজরটিলা বাজার সিলেট', 19, '2025-02-03 16:30:08', '2025-02-03 16:30:08'),
(292, 4, 'Phone', '8801781437236', 19, '2025-02-03 16:30:08', '2025-02-03 16:30:08'),
(293, 4, 'Amount', '670', 19, '2025-02-03 16:30:08', '2025-02-03 16:30:08'),
(294, 4, 'Note', '1', 19, '2025-02-03 16:30:08', '2025-02-03 16:30:08'),
(295, 4, 'Invoice', '11', 20, '2025-02-03 16:30:08', '2025-02-03 16:30:08'),
(296, 4, 'Name', 'Jobayer Mahmud Shifat', 20, '2025-02-03 16:30:08', '2025-02-03 16:30:08'),
(297, 4, 'Address', 'Dakshin khan, sardar bari bus stand', 20, '2025-02-03 16:30:08', '2025-02-03 16:30:08'),
(298, 4, 'Phone', '1975595951', 20, '2025-02-03 16:30:08', '2025-02-03 16:30:08'),
(299, 4, 'Amount', '610', 20, '2025-02-03 16:30:08', '2025-02-03 16:30:08'),
(300, 4, 'Note', '1', 20, '2025-02-03 16:30:08', '2025-02-03 16:30:08'),
(301, 4, 'Invoice', '1', 21, '2025-02-03 16:30:08', '2025-02-03 16:30:08'),
(302, 4, 'Name', 'মোঃ সাজেদুল ইসলাম', 21, '2025-02-03 16:30:08', '2025-02-03 16:30:08'),
(303, 4, 'Address', 'গোদাগাড়ী, রাজশাহী', 21, '2025-02-03 16:30:08', '2025-02-03 16:30:08'),
(304, 4, 'Phone', '1763533515', 21, '2025-02-03 16:30:08', '2025-02-03 16:30:08'),
(305, 4, 'Amount', '670', 21, '2025-02-03 16:30:08', '2025-02-03 16:30:08'),
(306, 4, 'Note', NULL, 21, '2025-02-03 16:30:08', '2025-02-03 16:30:08'),
(307, 4, 'Invoice', '1', 22, '2025-02-03 16:30:08', '2025-02-03 16:30:08'),
(308, 4, 'Name', 'Saiful Manna', 22, '2025-02-03 16:30:08', '2025-02-03 16:30:08'),
(309, 4, 'Address', '1/1/2001', 22, '2025-02-03 16:30:08', '2025-02-03 16:30:08'),
(310, 4, 'Phone', '1745111691', 22, '2025-02-03 16:30:08', '2025-02-03 16:30:08'),
(311, 4, 'Amount', '610', 22, '2025-02-03 16:30:08', '2025-02-03 16:30:08'),
(312, 4, 'Note', '1', 22, '2025-02-03 16:30:08', '2025-02-03 16:30:08'),
(313, 4, 'Invoice', '1', 23, '2025-02-03 16:30:08', '2025-02-03 16:30:08'),
(314, 4, 'Name', 'Mizanur', 23, '2025-02-03 16:30:08', '2025-02-03 16:30:08'),
(315, 4, 'Address', 'Muktagacha mymonsingh', 23, '2025-02-03 16:30:08', '2025-02-03 16:30:08'),
(316, 4, 'Phone', '1975417684', 23, '2025-02-03 16:30:08', '2025-02-03 16:30:08'),
(317, 4, 'Amount', '670', 23, '2025-02-03 16:30:08', '2025-02-03 16:30:08'),
(318, 4, 'Note', '1', 23, '2025-02-03 16:30:08', '2025-02-03 16:30:08'),
(319, 4, 'Invoice', '1', 24, '2025-02-03 16:30:08', '2025-02-03 16:30:08'),
(320, 4, 'Name', 'Noyan', 24, '2025-02-03 16:30:08', '2025-02-03 16:30:08'),
(321, 4, 'Address', 'কক্সবাজার,চকরিয়া,বরইতলী একতাবাজার', 24, '2025-02-03 16:30:08', '2025-02-03 16:30:08'),
(322, 4, 'Phone', '1812767541', 24, '2025-02-03 16:30:08', '2025-02-03 16:30:08'),
(323, 4, 'Amount', '670', 24, '2025-02-03 16:30:08', '2025-02-03 16:30:08'),
(324, 4, 'Note', '1', 24, '2025-02-03 16:30:08', '2025-02-03 16:30:08'),
(325, 4, 'Invoice', '1', 25, '2025-02-03 16:30:08', '2025-02-03 16:30:08'),
(326, 4, 'Name', 'Abdul Hannan', 25, '2025-02-03 16:30:08', '2025-02-03 16:30:08'),
(327, 4, 'Address', 'TMSS office, Bogura.', 25, '2025-02-03 16:30:08', '2025-02-03 16:30:08'),
(328, 4, 'Phone', '1721514900', 25, '2025-02-03 16:30:08', '2025-02-03 16:30:08'),
(329, 4, 'Amount', '670', 25, '2025-02-03 16:30:08', '2025-02-03 16:30:08'),
(330, 4, 'Note', NULL, 25, '2025-02-03 16:30:08', '2025-02-03 16:30:08'),
(331, 4, 'Invoice', '11', 26, '2025-02-03 16:30:08', '2025-02-03 16:30:08'),
(332, 4, 'Name', 'Rabiul', 26, '2025-02-03 16:30:08', '2025-02-03 16:30:08'),
(333, 4, 'Address', 'Fakirhat.bagerhat', 26, '2025-02-03 16:30:09', '2025-02-03 16:30:09'),
(334, 4, 'Phone', '1740877351', 26, '2025-02-03 16:30:09', '2025-02-03 16:30:09'),
(335, 4, 'Amount', '670', 26, '2025-02-03 16:30:09', '2025-02-03 16:30:09'),
(336, 4, 'Note', '1', 26, '2025-02-03 16:30:09', '2025-02-03 16:30:09'),
(337, 4, 'Invoice', '1', 27, '2025-02-03 16:30:09', '2025-02-03 16:30:09'),
(338, 4, 'Name', 'সোহেল', 27, '2025-02-03 16:30:09', '2025-02-03 16:30:09'),
(339, 4, 'Address', 'গুলিয়াখালী,সীতাকুণ্ড,চট্টগ্রাম।', 27, '2025-02-03 16:30:09', '2025-02-03 16:30:09'),
(340, 4, 'Phone', '1877480860', 27, '2025-02-03 16:30:09', '2025-02-03 16:30:09'),
(341, 4, 'Amount', '660', 27, '2025-02-03 16:30:09', '2025-02-03 16:30:09'),
(342, 4, 'Note', '0', 27, '2025-02-03 16:30:09', '2025-02-03 16:30:09'),
(343, 4, 'Invoice', '1', 28, '2025-02-03 16:30:09', '2025-02-03 16:30:09'),
(344, 4, 'Name', 'মোঃ সাজেদুল ইসলাম', 28, '2025-02-03 16:30:09', '2025-02-03 16:30:09'),
(345, 4, 'Address', 'গোদাগাড়ী, রাজশাহী', 28, '2025-02-03 16:30:09', '2025-02-03 16:30:09'),
(346, 4, 'Phone', '1763533515', 28, '2025-02-03 16:30:09', '2025-02-03 16:30:09'),
(347, 4, 'Amount', '670', 28, '2025-02-03 16:30:09', '2025-02-03 16:30:09'),
(348, 4, 'Note', NULL, 28, '2025-02-03 16:30:09', '2025-02-03 16:30:09'),
(349, 4, 'Invoice', '1', 29, '2025-02-03 16:30:09', '2025-02-03 16:30:09'),
(350, 4, 'Name', 'Mizan nur', 29, '2025-02-03 16:30:09', '2025-02-03 16:30:09'),
(351, 4, 'Address', 'সিলেট সদর মেজরটিলা বাজার সিলেট', 29, '2025-02-03 16:30:09', '2025-02-03 16:30:09'),
(352, 4, 'Phone', '8801781437236', 29, '2025-02-03 16:30:09', '2025-02-03 16:30:09'),
(353, 4, 'Amount', '670', 29, '2025-02-03 16:30:09', '2025-02-03 16:30:09'),
(354, 4, 'Note', '1', 29, '2025-02-03 16:30:09', '2025-02-03 16:30:09'),
(355, 4, 'Invoice', '11', 30, '2025-02-03 16:30:09', '2025-02-03 16:30:09'),
(356, 4, 'Name', 'Jobayer Mahmud Shifat', 30, '2025-02-03 16:30:09', '2025-02-03 16:30:09'),
(357, 4, 'Address', 'Dakshin khan, sardar bari bus stand', 30, '2025-02-03 16:30:09', '2025-02-03 16:30:09'),
(358, 4, 'Phone', '1975595951', 30, '2025-02-03 16:30:09', '2025-02-03 16:30:09'),
(359, 4, 'Amount', '610', 30, '2025-02-03 16:30:09', '2025-02-03 16:30:09'),
(360, 4, 'Note', '1', 30, '2025-02-03 16:30:09', '2025-02-03 16:30:09');

-- --------------------------------------------------------

--
-- Table structure for table `failed_jobs`
--

CREATE TABLE `failed_jobs` (
  `id` bigint UNSIGNED NOT NULL,
  `uuid` varchar(255) NOT NULL,
  `connection` text NOT NULL,
  `queue` text NOT NULL,
  `payload` longtext NOT NULL,
  `exception` longtext NOT NULL,
  `failed_at` timestamp NOT NULL DEFAULT CURRENT_TIMESTAMP
) ENGINE=InnoDB DEFAULT CHARSET=utf8mb3;

-- --------------------------------------------------------

--
-- Table structure for table `features`
--

CREATE TABLE `features` (
  `id` bigint UNSIGNED NOT NULL,
  `name` varchar(255) NOT NULL,
  `status` int NOT NULL DEFAULT '1',
  `created_at` timestamp NULL DEFAULT NULL,
  `updated_at` timestamp NULL DEFAULT NULL
) ENGINE=InnoDB DEFAULT CHARSET=utf8mb3;

--
-- Dumping data for table `features`
--

INSERT INTO `features` (`id`, `name`, `status`, `created_at`, `updated_at`) VALUES
(1, 'Home', 1, NULL, NULL),
(2, 'Category', 1, NULL, NULL),
(3, 'Sub-category', 1, NULL, NULL),
(4, 'Slider Image', 1, NULL, NULL),
(5, 'Banner Image', 1, NULL, NULL),
(6, 'Shipping', 1, NULL, NULL),
(7, 'Brand', 1, NULL, NULL),
(8, 'Order', 1, NULL, NULL),
(9, 'Order Status', 1, NULL, NULL),
(10, 'Payment System', 1, NULL, NULL),
(11, 'Customer Contact', 1, NULL, NULL),
(12, 'Site Info', 1, NULL, NULL),
(13, 'User Management', 1, NULL, NULL),
(14, 'Role', 1, NULL, NULL),
(15, 'User Creation', 1, NULL, NULL),
(16, 'Product', 1, NULL, NULL),
(17, 'Images', 1, NULL, NULL),
(18, 'Setting', 1, NULL, NULL),
(19, 'setup', 1, NULL, NULL),
(20, 'Features', 1, NULL, NULL),
(21, 'Site Setting', 1, NULL, NULL),
(22, 'Main Keys', 1, NULL, NULL),
(23, 'Services', 1, NULL, NULL),
(24, 'Setting Setup', 1, NULL, NULL),
(25, 'Setup size', 1, NULL, NULL),
(26, 'Setup color', 1, NULL, NULL),
(27, 'Pixel tag', 1, NULL, NULL),
(28, 'Google tag', 1, NULL, NULL),
(29, 'Page', 1, NULL, NULL),
(30, 'Blog', 1, NULL, NULL),
(31, 'Product Shipping', 1, NULL, NULL),
(32, 'Confirmed Order', 1, NULL, NULL);

-- --------------------------------------------------------

--
-- Table structure for table `google_tags`
--

CREATE TABLE `google_tags` (
  `id` bigint UNSIGNED NOT NULL,
  `gtag_header` longtext,
  `gtag_footer` longtext,
  `status` enum('active','inactive') NOT NULL DEFAULT 'active',
  `created_at` timestamp NULL DEFAULT NULL,
  `updated_at` timestamp NULL DEFAULT NULL
) ENGINE=InnoDB DEFAULT CHARSET=utf8mb3;

-- --------------------------------------------------------

--
-- Table structure for table `image_galleries`
--

CREATE TABLE `image_galleries` (
  `id` bigint UNSIGNED NOT NULL,
  `img` varchar(255) NOT NULL,
  `to` varchar(255) NOT NULL,
  `created_at` timestamp NULL DEFAULT NULL,
  `updated_at` timestamp NULL DEFAULT NULL
) ENGINE=InnoDB DEFAULT CHARSET=utf8mb3;

--
-- Dumping data for table `image_galleries`
--

INSERT INTO `image_galleries` (`id`, `img`, `to`, `created_at`, `updated_at`) VALUES
(1, 'seeder/5005.jpg', 'product', NULL, NULL),
(2, 'seeder/5006.jpg', 'product', NULL, NULL),
(3, 'seeder/5007.jpg', 'product', NULL, NULL),
(4, 'product-gallery/202502041127three-cute-cat-in-sunglasses-watching-a-movie-with-popcorn-ai-generated-photo.jpg', 'product', '2025-02-04 05:27:08', '2025-02-04 05:27:08');

-- --------------------------------------------------------

--
-- Table structure for table `landing_page_sections`
--

CREATE TABLE `landing_page_sections` (
  `id` bigint UNSIGNED NOT NULL,
  `product_id` bigint UNSIGNED NOT NULL,
  `is_with_previous` tinyint(1) NOT NULL DEFAULT '0',
  `image` text,
  `video_link` text,
  `title` text,
  `sub_title` text,
  `description` longtext,
  `button` varchar(255) DEFAULT NULL,
  `created_at` timestamp NULL DEFAULT NULL,
  `updated_at` timestamp NULL DEFAULT NULL
) ENGINE=InnoDB DEFAULT CHARSET=utf8mb3;

-- --------------------------------------------------------

--
-- Table structure for table `main_keys`
--

CREATE TABLE `main_keys` (
  `id` bigint UNSIGNED NOT NULL,
  `name` varchar(255) NOT NULL,
  `status` int NOT NULL DEFAULT '1',
  `created_at` timestamp NULL DEFAULT NULL,
  `updated_at` timestamp NULL DEFAULT NULL
) ENGINE=InnoDB DEFAULT CHARSET=utf8mb3;

--
-- Dumping data for table `main_keys`
--

INSERT INTO `main_keys` (`id`, `name`, `status`, `created_at`, `updated_at`) VALUES
(1, 'Product', 1, NULL, NULL),
(2, 'Order', 1, NULL, NULL),
(3, 'User', 1, NULL, NULL),
(4, 'Special', 1, NULL, NULL),
(5, 'Frontend', 1, NULL, NULL);

-- --------------------------------------------------------

--
-- Table structure for table `migrations`
--

CREATE TABLE `migrations` (
  `id` int UNSIGNED NOT NULL,
  `migration` varchar(255) NOT NULL,
  `batch` int NOT NULL
) ENGINE=InnoDB DEFAULT CHARSET=utf8mb3;

--
-- Dumping data for table `migrations`
--

INSERT INTO `migrations` (`id`, `migration`, `batch`) VALUES
(1, '2014_10_12_100000_create_password_resets_table', 1),
(2, '2019_08_19_000000_create_failed_jobs_table', 1),
(3, '2019_12_14_000001_create_personal_access_tokens_table', 1),
(4, '2020_07_10_021010_create_brands_table', 1),
(5, '2020_07_10_062541_create_product_sizes_table', 1),
(6, '2020_07_10_091722_create_image_galleries_table', 1),
(7, '2020_07_10_102033_create_product_colors_table', 1),
(8, '2020_07_10_112147_create_categories_table', 1),
(9, '2020_07_11_054218_create_subcats_table', 1),
(10, '2020_07_11_055748_create_shippings_table', 1),
(11, '2020_07_11_063857_create_products_table', 1),
(12, '2021_07_11_045005_create_pa_sizes_table', 1),
(13, '2021_07_11_055154_create_pa_colors_table', 1),
(14, '2022_09_12_161702_create_company_infos_table', 1),
(15, '2022_09_12_161947_create_company_contacts_table', 1),
(16, '2022_09_29_040703_create_order_statuses_table', 1),
(17, '2022_12_30_135012_create_product_galleries_table', 1),
(18, '2023_01_09_030017_create_roles_table', 1),
(19, '2023_01_12_135036_create_users_table', 1),
(20, '2023_01_12_139854_create_payments_table', 1),
(21, '2023_01_12_144920_create_orders_table', 1),
(22, '2023_02_01_095337_create_contacts_table', 1),
(23, '2023_02_02_063830_create_sliders_table', 1),
(24, '2023_02_02_085542_create_banners_table', 1),
(25, '2023_02_08_141644_create_features_table', 1),
(26, '2023_02_09_045544_create_permissions_table', 1),
(27, '2023_02_17_120858_create_main_keys_table', 1),
(28, '2023_02_17_134502_create_services_table', 1),
(29, '2023_02_19_110158_create_site_settings_table', 1),
(30, '2023_02_20_133416_create_add_to_carts_table', 1),
(31, '2023_02_21_102323_create_order_items_table', 1),
(32, '2023_02_23_165413_create_pixel_tags_table', 1),
(33, '2023_02_24_112528_create_google_tags_table', 1),
(34, '2023_04_02_105037_create_wishlists_table', 1),
(35, '2023_04_18_103641_create_privacy_policies_table', 1),
(36, '2023_04_18_104122_create_pages_table', 1),
(37, '2024_01_08_000000_create_reviews_table', 1),
(38, '2024_01_09_000000_create_review_images_table', 1),
(39, '2024_11_08_032550_create_landing_page_sections_table', 1),
(40, '2024_12_25_095301_create_blogs_table', 1),
(41, '2024_12_31_082400_create_product_shippings_table', 1),
(42, '2025_01_15_222421_create_confirmed_orders_table', 1),
(43, '2025_01_16_142848_add_invoice_id_to_orders_table', 1),
(44, '2025_01_16_222029_create_excels_table', 1);

-- --------------------------------------------------------

--
-- Table structure for table `orders`
--

CREATE TABLE `orders` (
  `id` bigint UNSIGNED NOT NULL,
  `order_number` varchar(255) NOT NULL,
  `invoice_id` varchar(4) NOT NULL,
  `user_id` bigint UNSIGNED DEFAULT NULL,
  `shipping_id` bigint UNSIGNED DEFAULT NULL,
  `payment_id` bigint UNSIGNED DEFAULT NULL,
  `ip_address` varchar(255) DEFAULT NULL,
  `name` varchar(255) DEFAULT NULL,
  `phone` varchar(255) NOT NULL,
  `email` varchar(255) DEFAULT NULL,
  `address` longtext,
  `note` text,
  `subtotal` int NOT NULL,
  `total` int NOT NULL,
  `payment_number` varchar(255) DEFAULT NULL,
  `transection` varchar(255) DEFAULT NULL,
  `coupon` double(8,2) DEFAULT NULL,
  `order_status` varchar(255) NOT NULL,
  `country` varchar(255) DEFAULT NULL,
  `district` varchar(255) DEFAULT NULL,
  `thana` varchar(255) DEFAULT NULL,
  `status` varchar(255) NOT NULL,
  `created_at` timestamp NULL DEFAULT NULL,
  `updated_at` timestamp NULL DEFAULT NULL
) ENGINE=InnoDB DEFAULT CHARSET=utf8mb3;

--
-- Dumping data for table `orders`
--

INSERT INTO `orders` (`id`, `order_number`, `invoice_id`, `user_id`, `shipping_id`, `payment_id`, `ip_address`, `name`, `phone`, `email`, `address`, `note`, `subtotal`, `total`, `payment_number`, `transection`, `coupon`, `order_status`, `country`, `district`, `thana`, `status`, `created_at`, `updated_at`) VALUES
(1, 'ORD-7OHAPD0E2D', '1000', 1, NULL, 1, '127.0.0.1', 'Priscilla Ingram', '+1 (254) 433-4417', NULL, 'Illum id commodo n', 'Harum omnis hic inve', 933, 24258, NULL, NULL, NULL, 'new', NULL, NULL, NULL, 'active', '2025-02-04 05:27:28', '2025-02-04 05:27:28');

-- --------------------------------------------------------

--
-- Table structure for table `order_items`
--

CREATE TABLE `order_items` (
  `id` bigint UNSIGNED NOT NULL,
  `order_id` bigint UNSIGNED DEFAULT NULL,
  `product_id` bigint UNSIGNED DEFAULT NULL,
  `p_size_id` bigint UNSIGNED DEFAULT NULL,
  `p_color_id` bigint UNSIGNED DEFAULT NULL,
  `qty` varchar(255) NOT NULL,
  `price` int NOT NULL,
  `created_at` timestamp NULL DEFAULT NULL,
  `updated_at` timestamp NULL DEFAULT NULL
) ENGINE=InnoDB DEFAULT CHARSET=utf8mb3;

--
-- Dumping data for table `order_items`
--

INSERT INTO `order_items` (`id`, `order_id`, `product_id`, `p_size_id`, `p_color_id`, `qty`, `price`, `created_at`, `updated_at`) VALUES
(1, 1, 1, NULL, NULL, '26', 24258, '2025-02-04 05:27:28', '2025-02-04 05:27:28');

-- --------------------------------------------------------

--
-- Table structure for table `order_statuses`
--

CREATE TABLE `order_statuses` (
  `id` bigint UNSIGNED NOT NULL,
  `name` varchar(255) NOT NULL,
  `status` varchar(255) NOT NULL,
  `created_at` timestamp NULL DEFAULT NULL,
  `updated_at` timestamp NULL DEFAULT NULL
) ENGINE=InnoDB DEFAULT CHARSET=utf8mb3;

--
-- Dumping data for table `order_statuses`
--

INSERT INTO `order_statuses` (`id`, `name`, `status`, `created_at`, `updated_at`) VALUES
(1, 'new', 'active', NULL, NULL),
(2, 'processing', 'active', NULL, NULL),
(3, 'shipped', 'active', NULL, NULL),
(4, 'delivered', 'active', NULL, NULL),
(5, 'cancel', 'active', NULL, NULL);

-- --------------------------------------------------------

--
-- Table structure for table `pages`
--

CREATE TABLE `pages` (
  `id` bigint UNSIGNED NOT NULL,
  `title` varchar(255) NOT NULL,
  `page_design` longtext NOT NULL,
  `status` int NOT NULL DEFAULT '1',
  `created_at` timestamp NULL DEFAULT NULL,
  `updated_at` timestamp NULL DEFAULT NULL
) ENGINE=InnoDB DEFAULT CHARSET=utf8mb3;

-- --------------------------------------------------------

--
-- Table structure for table `password_resets`
--

CREATE TABLE `password_resets` (
  `email` varchar(255) NOT NULL,
  `token` varchar(255) NOT NULL,
  `created_at` timestamp NULL DEFAULT NULL
) ENGINE=InnoDB DEFAULT CHARSET=utf8mb3;

-- --------------------------------------------------------

--
-- Table structure for table `payments`
--

CREATE TABLE `payments` (
  `id` bigint UNSIGNED NOT NULL,
  `payment` varchar(255) NOT NULL,
  `description` varchar(255) DEFAULT NULL,
  `status` varchar(255) NOT NULL DEFAULT 'active',
  `created_at` timestamp NULL DEFAULT NULL,
  `updated_at` timestamp NULL DEFAULT NULL
) ENGINE=InnoDB DEFAULT CHARSET=utf8mb3;

--
-- Dumping data for table `payments`
--

INSERT INTO `payments` (`id`, `payment`, `description`, `status`, `created_at`, `updated_at`) VALUES
(1, 'Cash On Delivery', NULL, 'active', NULL, NULL),
(2, 'Bkash', NULL, 'active', NULL, NULL);

-- --------------------------------------------------------

--
-- Table structure for table `pa_colors`
--

CREATE TABLE `pa_colors` (
  `id` bigint UNSIGNED NOT NULL,
  `color_id` bigint UNSIGNED NOT NULL,
  `product_id` bigint UNSIGNED DEFAULT NULL,
  `price_increase` int NOT NULL DEFAULT '0',
  `des` longtext,
  `created_at` timestamp NULL DEFAULT NULL,
  `updated_at` timestamp NULL DEFAULT NULL
) ENGINE=InnoDB DEFAULT CHARSET=utf8mb3;

-- --------------------------------------------------------

--
-- Table structure for table `pa_sizes`
--

CREATE TABLE `pa_sizes` (
  `id` bigint UNSIGNED NOT NULL,
  `size_id` bigint UNSIGNED NOT NULL,
  `product_id` bigint UNSIGNED DEFAULT NULL,
  `price_increase` int NOT NULL DEFAULT '0',
  `des` longtext,
  `created_at` timestamp NULL DEFAULT NULL,
  `updated_at` timestamp NULL DEFAULT NULL
) ENGINE=InnoDB DEFAULT CHARSET=utf8mb3;

-- --------------------------------------------------------

--
-- Table structure for table `permissions`
--

CREATE TABLE `permissions` (
  `id` bigint UNSIGNED NOT NULL,
  `role_id` bigint UNSIGNED NOT NULL,
  `feature_id` bigint UNSIGNED NOT NULL,
  `add` varchar(255) DEFAULT NULL,
  `show` varchar(255) DEFAULT NULL,
  `edit` varchar(255) DEFAULT NULL,
  `delete` varchar(255) DEFAULT NULL,
  `created_at` timestamp NULL DEFAULT NULL,
  `updated_at` timestamp NULL DEFAULT NULL
) ENGINE=InnoDB DEFAULT CHARSET=utf8mb3;

--
-- Dumping data for table `permissions`
--

INSERT INTO `permissions` (`id`, `role_id`, `feature_id`, `add`, `show`, `edit`, `delete`, `created_at`, `updated_at`) VALUES
(1, 1, 1, '1', '2', '3', '4', NULL, NULL),
(2, 1, 2, '1', '2', '3', '4', NULL, NULL),
(3, 1, 3, '1', '2', '3', '4', NULL, NULL),
(4, 1, 4, '1', '2', '3', '4', NULL, NULL),
(5, 1, 5, '1', '2', '3', '4', NULL, NULL),
(6, 1, 6, '1', '2', '3', '4', NULL, NULL),
(7, 1, 7, '1', '2', '3', '4', NULL, NULL),
(8, 1, 8, '1', '2', '3', '4', NULL, NULL),
(9, 1, 9, '1', '2', '3', '4', NULL, NULL),
(10, 1, 10, '1', '2', '3', '4', NULL, NULL),
(11, 1, 11, '1', '2', '3', '4', NULL, NULL),
(12, 1, 12, '1', '2', '3', '4', NULL, NULL),
(13, 1, 13, '1', '2', '3', '4', NULL, NULL),
(14, 1, 14, '1', '2', '3', '4', NULL, NULL),
(15, 1, 15, '1', '2', '3', '4', NULL, NULL),
(16, 1, 16, '1', '2', '3', '4', NULL, NULL),
(17, 1, 17, '1', '2', '3', '4', NULL, NULL),
(18, 1, 18, '1', '2', '3', '4', NULL, NULL),
(19, 1, 19, '1', '2', '3', '4', NULL, NULL),
(20, 1, 20, '1', '2', '3', '4', NULL, NULL),
(21, 1, 21, '1', '2', '3', '4', NULL, NULL),
(22, 1, 22, '1', '2', '3', '4', NULL, NULL),
(23, 1, 23, '1', '2', '3', '4', NULL, NULL),
(24, 1, 24, '1', '2', '3', '4', NULL, NULL),
(25, 1, 25, '1', '2', '3', '4', NULL, NULL),
(26, 1, 26, '1', '2', '3', '4', NULL, NULL),
(27, 1, 27, '1', '2', '3', '4', NULL, NULL),
(28, 1, 28, '1', '2', '3', '4', NULL, NULL),
(29, 1, 29, '1', '2', '3', '4', NULL, NULL),
(30, 1, 30, '1', '2', '3', '4', NULL, NULL),
(31, 1, 31, '1', '2', '3', '4', NULL, NULL),
(32, 1, 32, '1', '2', '3', '4', NULL, NULL);

-- --------------------------------------------------------

--
-- Table structure for table `personal_access_tokens`
--

CREATE TABLE `personal_access_tokens` (
  `id` bigint UNSIGNED NOT NULL,
  `tokenable_type` varchar(255) NOT NULL,
  `tokenable_id` bigint UNSIGNED NOT NULL,
  `name` varchar(255) NOT NULL,
  `token` varchar(64) NOT NULL,
  `abilities` text,
  `last_used_at` timestamp NULL DEFAULT NULL,
  `created_at` timestamp NULL DEFAULT NULL,
  `updated_at` timestamp NULL DEFAULT NULL
) ENGINE=InnoDB DEFAULT CHARSET=utf8mb3;

-- --------------------------------------------------------

--
-- Table structure for table `pixel_tags`
--

CREATE TABLE `pixel_tags` (
  `id` bigint UNSIGNED NOT NULL,
  `ptag_header` longtext,
  `ptag_footer` longtext,
  `status` enum('active','inactive') NOT NULL DEFAULT 'active',
  `created_at` timestamp NULL DEFAULT NULL,
  `updated_at` timestamp NULL DEFAULT NULL
) ENGINE=InnoDB DEFAULT CHARSET=utf8mb3;

-- --------------------------------------------------------

--
-- Table structure for table `privacy_policies`
--

CREATE TABLE `privacy_policies` (
  `id` bigint UNSIGNED NOT NULL,
  `created_at` timestamp NULL DEFAULT NULL,
  `updated_at` timestamp NULL DEFAULT NULL
) ENGINE=InnoDB DEFAULT CHARSET=utf8mb3;

-- --------------------------------------------------------

--
-- Table structure for table `products`
--

CREATE TABLE `products` (
  `id` bigint UNSIGNED NOT NULL,
  `cat_id` bigint UNSIGNED DEFAULT NULL,
  `subcat_id` bigint UNSIGNED DEFAULT NULL,
  `brand_id` bigint UNSIGNED DEFAULT NULL,
  `title` varchar(255) NOT NULL,
  `sku` varchar(255) DEFAULT NULL,
  `slug` varchar(255) NOT NULL,
  `summary` text,
  `description` longtext,
  `photo` text NOT NULL,
  `stock` int DEFAULT '1',
  `condition` enum('default','new','hot') NOT NULL DEFAULT 'default',
  `status` enum('active','inactive') NOT NULL DEFAULT 'inactive',
  `price` double(8,2) NOT NULL,
  `discount` double(8,2) NOT NULL,
  `is_featured` tinyint(1) NOT NULL,
  `is_landing` tinyint(1) NOT NULL,
  `is_show_in_website` tinyint(1) NOT NULL,
  `time_to` date DEFAULT NULL,
  `created_at` timestamp NULL DEFAULT NULL,
  `updated_at` timestamp NULL DEFAULT NULL
) ENGINE=InnoDB DEFAULT CHARSET=utf8mb3;

--
-- Dumping data for table `products`
--

INSERT INTO `products` (`id`, `cat_id`, `subcat_id`, `brand_id`, `title`, `sku`, `slug`, `summary`, `description`, `photo`, `stock`, `condition`, `status`, `price`, `discount`, `is_featured`, `is_landing`, `is_show_in_website`, `time_to`, `created_at`, `updated_at`) VALUES
(1, 1, 3, NULL, 'Nisi vel iure volupt', NULL, 'nisi-vel-iure-volupt', NULL, NULL, 'product-gallery/202502041127three-cute-cat-in-sunglasses-watching-a-movie-with-popcorn-ai-generated-photo.jpg', 629, 'default', 'active', 971.00, 38.00, 0, 0, 1, NULL, '2025-02-04 05:27:12', '2025-02-04 05:27:12');

-- --------------------------------------------------------

--
-- Table structure for table `product_colors`
--

CREATE TABLE `product_colors` (
  `id` bigint UNSIGNED NOT NULL,
  `c_name` varchar(255) NOT NULL,
  `c_code` varchar(255) NOT NULL,
  `status` varchar(255) NOT NULL DEFAULT 'active',
  `created_at` timestamp NULL DEFAULT NULL,
  `updated_at` timestamp NULL DEFAULT NULL
) ENGINE=InnoDB DEFAULT CHARSET=utf8mb3;

--
-- Dumping data for table `product_colors`
--

INSERT INTO `product_colors` (`id`, `c_name`, `c_code`, `status`, `created_at`, `updated_at`) VALUES
(1, 'Blue', '#032ff9', 'active', NULL, NULL),
(2, 'Green', '#03f91b', 'active', NULL, NULL),
(3, 'Yellow', '#f9f603', 'active', NULL, NULL);

-- --------------------------------------------------------

--
-- Table structure for table `product_galleries`
--

CREATE TABLE `product_galleries` (
  `id` bigint UNSIGNED NOT NULL,
  `product_id` bigint UNSIGNED DEFAULT NULL,
  `color_id` bigint UNSIGNED DEFAULT NULL,
  `size_id` bigint UNSIGNED DEFAULT NULL,
  `gallery_id` bigint UNSIGNED NOT NULL,
  `active` varchar(255) DEFAULT NULL,
  `created_at` timestamp NULL DEFAULT NULL,
  `updated_at` timestamp NULL DEFAULT NULL
) ENGINE=InnoDB DEFAULT CHARSET=utf8mb3;

--
-- Dumping data for table `product_galleries`
--

INSERT INTO `product_galleries` (`id`, `product_id`, `color_id`, `size_id`, `gallery_id`, `active`, `created_at`, `updated_at`) VALUES
(1, 1, 1, NULL, 4, NULL, '2025-02-04 05:27:08', '2025-02-04 05:27:12');

-- --------------------------------------------------------

--
-- Table structure for table `product_shippings`
--

CREATE TABLE `product_shippings` (
  `id` bigint UNSIGNED NOT NULL,
  `product_id` bigint UNSIGNED NOT NULL,
  `shipping_id` bigint UNSIGNED NOT NULL,
  `created_at` timestamp NULL DEFAULT NULL,
  `updated_at` timestamp NULL DEFAULT NULL
) ENGINE=InnoDB DEFAULT CHARSET=utf8mb3;

-- --------------------------------------------------------

--
-- Table structure for table `product_sizes`
--

CREATE TABLE `product_sizes` (
  `id` bigint UNSIGNED NOT NULL,
  `size` varchar(255) NOT NULL,
  `status` varchar(255) NOT NULL DEFAULT 'active',
  `created_at` timestamp NULL DEFAULT NULL,
  `updated_at` timestamp NULL DEFAULT NULL
) ENGINE=InnoDB DEFAULT CHARSET=utf8mb3;

--
-- Dumping data for table `product_sizes`
--

INSERT INTO `product_sizes` (`id`, `size`, `status`, `created_at`, `updated_at`) VALUES
(1, 'L', 'active', NULL, NULL),
(2, 'XL', 'active', NULL, NULL),
(3, 'XXL', 'active', NULL, NULL);

-- --------------------------------------------------------

--
-- Table structure for table `reviews`
--

CREATE TABLE `reviews` (
  `id` bigint UNSIGNED NOT NULL,
  `product_id` bigint UNSIGNED DEFAULT NULL,
  `reviewer_name` varchar(255) DEFAULT NULL,
  `rating` varchar(255) DEFAULT NULL,
  `review_text` varchar(255) DEFAULT NULL,
  `is_active` tinyint(1) NOT NULL DEFAULT '1',
  `created_at` timestamp NULL DEFAULT NULL,
  `updated_at` timestamp NULL DEFAULT NULL
) ENGINE=InnoDB DEFAULT CHARSET=utf8mb3;

-- --------------------------------------------------------

--
-- Table structure for table `review_images`
--

CREATE TABLE `review_images` (
  `id` bigint UNSIGNED NOT NULL,
  `review_id` bigint UNSIGNED NOT NULL,
  `image_path` varchar(255) NOT NULL,
  `is_active` tinyint(1) NOT NULL DEFAULT '1',
  `created_at` timestamp NULL DEFAULT NULL,
  `updated_at` timestamp NULL DEFAULT NULL
) ENGINE=InnoDB DEFAULT CHARSET=utf8mb3;

-- --------------------------------------------------------

--
-- Table structure for table `roles`
--

CREATE TABLE `roles` (
  `id` bigint UNSIGNED NOT NULL,
  `name` varchar(255) NOT NULL,
  `created_at` timestamp NULL DEFAULT NULL,
  `updated_at` timestamp NULL DEFAULT NULL
) ENGINE=InnoDB DEFAULT CHARSET=utf8mb3;

--
-- Dumping data for table `roles`
--

INSERT INTO `roles` (`id`, `name`, `created_at`, `updated_at`) VALUES
(1, 'Developer', NULL, NULL);

-- --------------------------------------------------------

--
-- Table structure for table `services`
--

CREATE TABLE `services` (
  `id` bigint UNSIGNED NOT NULL,
  `name` varchar(255) NOT NULL,
  `main_key_id` bigint UNSIGNED NOT NULL,
  `checking` varchar(255) DEFAULT '1',
  `status` int NOT NULL DEFAULT '1',
  `created_at` timestamp NULL DEFAULT NULL,
  `updated_at` timestamp NULL DEFAULT NULL
) ENGINE=InnoDB DEFAULT CHARSET=utf8mb3;

--
-- Dumping data for table `services`
--

INSERT INTO `services` (`id`, `name`, `main_key_id`, `checking`, `status`, `created_at`, `updated_at`) VALUES
(1, 'DataTable', 4, '1', 1, NULL, NULL),
(2, 'SummerNote', 4, '1', 1, NULL, NULL),
(3, 'New Product', 1, '7', 1, NULL, NULL),
(4, 'Feature Product', 1, '1', 1, NULL, NULL),
(5, 'Best Selling Product', 1, '4', 1, NULL, NULL),
(6, 'No Product Type', 1, '4', 1, NULL, NULL),
(7, 'Order Status', 2, '4', 1, NULL, NULL),
(8, 'Color Specific', 1, '4', 1, NULL, NULL),
(9, 'Size Specific', 1, '4', 1, NULL, NULL),
(10, 'No Color & Size', 1, '4', 1, NULL, NULL),
(11, 'Database Add To Cart', 4, '4', 1, NULL, NULL),
(12, 'LocalStorage Add To Cart', 4, '4', 1, NULL, NULL),
(13, 'Excel', 2, '4', 1, NULL, NULL),
(14, 'Review', 5, '1', 1, NULL, NULL),
(15, 'Wishlist', 5, '1', 1, NULL, NULL),
(16, 'Timer Product', 1, '1', 1, NULL, NULL);

-- --------------------------------------------------------

--
-- Table structure for table `shippings`
--

CREATE TABLE `shippings` (
  `id` bigint UNSIGNED NOT NULL,
  `type` varchar(255) NOT NULL,
  `price` decimal(8,2) NOT NULL,
  `status` enum('active','inactive') NOT NULL DEFAULT 'active',
  `created_at` timestamp NULL DEFAULT NULL,
  `updated_at` timestamp NULL DEFAULT NULL
) ENGINE=InnoDB DEFAULT CHARSET=utf8mb3;

--
-- Dumping data for table `shippings`
--

INSERT INTO `shippings` (`id`, `type`, `price`, `status`, `created_at`, `updated_at`) VALUES
(1, 'Inside Dhaka', 60.00, 'active', NULL, NULL),
(2, 'Outside Dhaka', 120.00, 'active', NULL, NULL);

-- --------------------------------------------------------

--
-- Table structure for table `site_settings`
--

CREATE TABLE `site_settings` (
  `id` bigint UNSIGNED NOT NULL,
  `user_id` bigint UNSIGNED NOT NULL,
  `service_id` bigint UNSIGNED NOT NULL,
  `status` int NOT NULL DEFAULT '1',
  `created_at` timestamp NULL DEFAULT NULL,
  `updated_at` timestamp NULL DEFAULT NULL
) ENGINE=InnoDB DEFAULT CHARSET=utf8mb3;

--
-- Dumping data for table `site_settings`
--

INSERT INTO `site_settings` (`id`, `user_id`, `service_id`, `status`, `created_at`, `updated_at`) VALUES
(1, 1, 1, 1, NULL, NULL),
(2, 1, 2, 1, NULL, NULL),
(3, 1, 6, 1, NULL, NULL),
(4, 1, 7, 1, NULL, NULL),
(5, 1, 8, 1, NULL, NULL),
(6, 1, 13, 1, NULL, NULL),
(7, 1, 14, 1, NULL, NULL),
(8, 1, 16, 1, NULL, NULL);

-- --------------------------------------------------------

--
-- Table structure for table `sliders`
--

CREATE TABLE `sliders` (
  `id` bigint UNSIGNED NOT NULL,
  `image` varchar(255) NOT NULL,
  `status` enum('active','inactive') NOT NULL DEFAULT 'active',
  `created_at` timestamp NULL DEFAULT NULL,
  `updated_at` timestamp NULL DEFAULT NULL
) ENGINE=InnoDB DEFAULT CHARSET=utf8mb3;

--
-- Dumping data for table `sliders`
--

INSERT INTO `sliders` (`id`, `image`, `status`, `created_at`, `updated_at`) VALUES
(1, 'seeder/s1.jpg', 'active', NULL, NULL),
(2, 'seeder/s2.jpg', 'active', NULL, NULL);

-- --------------------------------------------------------

--
-- Table structure for table `subcats`
--

CREATE TABLE `subcats` (
  `id` bigint UNSIGNED NOT NULL,
  `cat_id` bigint UNSIGNED NOT NULL,
  `title` varchar(255) NOT NULL,
  `img` varchar(255) DEFAULT NULL,
  `status` enum('active','inactive') NOT NULL DEFAULT 'inactive',
  `created_at` timestamp NULL DEFAULT NULL,
  `updated_at` timestamp NULL DEFAULT NULL
) ENGINE=InnoDB DEFAULT CHARSET=utf8mb3;

--
-- Dumping data for table `subcats`
--

INSERT INTO `subcats` (`id`, `cat_id`, `title`, `img`, `status`, `created_at`, `updated_at`) VALUES
(1, 1, 'Subcat1', NULL, 'active', NULL, NULL),
(2, 1, 'Subcat2', NULL, 'active', NULL, NULL),
(3, 1, 'Subcat3', NULL, 'active', NULL, NULL);

-- --------------------------------------------------------

--
-- Table structure for table `users`
--

CREATE TABLE `users` (
  `id` bigint UNSIGNED NOT NULL,
  `name` varchar(255) NOT NULL,
  `email` varchar(255) DEFAULT NULL,
  `phone` varchar(255) NOT NULL,
  `address` varchar(255) DEFAULT NULL,
  `user_info_id` bigint UNSIGNED DEFAULT NULL,
  `role_id` bigint UNSIGNED NOT NULL DEFAULT '1',
  `email_verified_at` timestamp NULL DEFAULT NULL,
  `password` varchar(255) NOT NULL,
  `remember_token` varchar(100) DEFAULT NULL,
  `created_at` timestamp NULL DEFAULT NULL,
  `updated_at` timestamp NULL DEFAULT NULL
) ENGINE=InnoDB DEFAULT CHARSET=utf8mb3;

--
-- Dumping data for table `users`
--

INSERT INTO `users` (`id`, `name`, `email`, `phone`, `address`, `user_info_id`, `role_id`, `email_verified_at`, `password`, `remember_token`, `created_at`, `updated_at`) VALUES
(1, 'Md Nobir Hasan', 'nobir.wd@gmail.com', '01518460933', NULL, NULL, 1, NULL, '$2y$10$wo9.3u02djjj32AcBd2VXeopK6r3/8IgFbNscn2CfLT2h6e6bYgGu', NULL, NULL, NULL);

-- --------------------------------------------------------

--
-- Table structure for table `wishlists`
--

CREATE TABLE `wishlists` (
  `id` bigint UNSIGNED NOT NULL,
  `ip_address` varchar(255) DEFAULT NULL,
  `user_id` bigint UNSIGNED DEFAULT NULL,
  `product_id` bigint UNSIGNED NOT NULL,
  `qty` varchar(255) DEFAULT '1',
  `price` int DEFAULT NULL,
  `created_at` timestamp NULL DEFAULT NULL,
  `updated_at` timestamp NULL DEFAULT NULL
) ENGINE=InnoDB DEFAULT CHARSET=utf8mb3;

--
-- Indexes for dumped tables
--

--
-- Indexes for table `add_to_carts`
--
ALTER TABLE `add_to_carts`
  ADD PRIMARY KEY (`id`),
  ADD KEY `add_to_carts_user_id` (`user_id`),
  ADD KEY `add_to_carts_product_id` (`product_id`),
  ADD KEY `add_to_carts_p_size_id` (`p_size_id`),
  ADD KEY `add_to_carts_p_color_id` (`p_color_id`);

--
-- Indexes for table `banners`
--
ALTER TABLE `banners`
  ADD PRIMARY KEY (`id`);

--
-- Indexes for table `blogs`
--
ALTER TABLE `blogs`
  ADD PRIMARY KEY (`id`),
  ADD UNIQUE KEY `blogs_slug_unique` (`slug`);

--
-- Indexes for table `brands`
--
ALTER TABLE `brands`
  ADD PRIMARY KEY (`id`),
  ADD UNIQUE KEY `brands_slug_unique` (`slug`);

--
-- Indexes for table `categories`
--
ALTER TABLE `categories`
  ADD PRIMARY KEY (`id`),
  ADD UNIQUE KEY `categories_slug_unique` (`slug`);

--
-- Indexes for table `company_contacts`
--
ALTER TABLE `company_contacts`
  ADD PRIMARY KEY (`id`);

--
-- Indexes for table `company_infos`
--
ALTER TABLE `company_infos`
  ADD PRIMARY KEY (`id`);

--
-- Indexes for table `confirmed_orders`
--
ALTER TABLE `confirmed_orders`
  ADD PRIMARY KEY (`id`);

--
-- Indexes for table `contacts`
--
ALTER TABLE `contacts`
  ADD PRIMARY KEY (`id`);

--
-- Indexes for table `excels`
--
ALTER TABLE `excels`
  ADD PRIMARY KEY (`id`);

--
-- Indexes for table `failed_jobs`
--
ALTER TABLE `failed_jobs`
  ADD PRIMARY KEY (`id`),
  ADD UNIQUE KEY `failed_jobs_uuid_unique` (`uuid`);

--
-- Indexes for table `features`
--
ALTER TABLE `features`
  ADD PRIMARY KEY (`id`);

--
-- Indexes for table `google_tags`
--
ALTER TABLE `google_tags`
  ADD PRIMARY KEY (`id`);

--
-- Indexes for table `image_galleries`
--
ALTER TABLE `image_galleries`
  ADD PRIMARY KEY (`id`);

--
-- Indexes for table `landing_page_sections`
--
ALTER TABLE `landing_page_sections`
  ADD PRIMARY KEY (`id`),
  ADD KEY `landing_page_sections_product_id_foreign` (`product_id`);

--
-- Indexes for table `main_keys`
--
ALTER TABLE `main_keys`
  ADD PRIMARY KEY (`id`);

--
-- Indexes for table `migrations`
--
ALTER TABLE `migrations`
  ADD PRIMARY KEY (`id`);

--
-- Indexes for table `orders`
--
ALTER TABLE `orders`
  ADD PRIMARY KEY (`id`),
  ADD UNIQUE KEY `orders_invoice_id_unique` (`invoice_id`),
  ADD KEY `orders_user_id` (`user_id`),
  ADD KEY `orders_shipping_id` (`shipping_id`),
  ADD KEY `orders_payment_id` (`payment_id`);

--
-- Indexes for table `order_items`
--
ALTER TABLE `order_items`
  ADD PRIMARY KEY (`id`),
  ADD KEY `order_items_order_id` (`order_id`),
  ADD KEY `order_items_product_id` (`product_id`),
  ADD KEY `order_items_p_size_id` (`p_size_id`),
  ADD KEY `order_items_p_color_id` (`p_color_id`);

--
-- Indexes for table `order_statuses`
--
ALTER TABLE `order_statuses`
  ADD PRIMARY KEY (`id`);

--
-- Indexes for table `pages`
--
ALTER TABLE `pages`
  ADD PRIMARY KEY (`id`);

--
-- Indexes for table `password_resets`
--
ALTER TABLE `password_resets`
  ADD KEY `password_resets_email_index` (`email`);

--
-- Indexes for table `payments`
--
ALTER TABLE `payments`
  ADD PRIMARY KEY (`id`);

--
-- Indexes for table `pa_colors`
--
ALTER TABLE `pa_colors`
  ADD PRIMARY KEY (`id`),
  ADD KEY `pa_colors_color_id` (`color_id`),
  ADD KEY `pa_colors_product_id` (`product_id`);

--
-- Indexes for table `pa_sizes`
--
ALTER TABLE `pa_sizes`
  ADD PRIMARY KEY (`id`),
  ADD KEY `pa_sizes_size_id` (`size_id`),
  ADD KEY `pa_sizes_product_id` (`product_id`);

--
-- Indexes for table `permissions`
--
ALTER TABLE `permissions`
  ADD PRIMARY KEY (`id`),
  ADD KEY `permissions_role_id` (`role_id`),
  ADD KEY `permissions_feature_id` (`feature_id`);

--
-- Indexes for table `personal_access_tokens`
--
ALTER TABLE `personal_access_tokens`
  ADD PRIMARY KEY (`id`),
  ADD UNIQUE KEY `personal_access_tokens_token_unique` (`token`),
  ADD KEY `personal_access_tokens_tokenable_type_tokenable_id_index` (`tokenable_type`,`tokenable_id`);

--
-- Indexes for table `pixel_tags`
--
ALTER TABLE `pixel_tags`
  ADD PRIMARY KEY (`id`);

--
-- Indexes for table `privacy_policies`
--
ALTER TABLE `privacy_policies`
  ADD PRIMARY KEY (`id`);

--
-- Indexes for table `products`
--
ALTER TABLE `products`
  ADD PRIMARY KEY (`id`),
  ADD UNIQUE KEY `products_slug_unique` (`slug`),
  ADD KEY `products_cat_id` (`cat_id`),
  ADD KEY `products_subcat_id` (`subcat_id`),
  ADD KEY `products_brand_id` (`brand_id`);

--
-- Indexes for table `product_colors`
--
ALTER TABLE `product_colors`
  ADD PRIMARY KEY (`id`);

--
-- Indexes for table `product_galleries`
--
ALTER TABLE `product_galleries`
  ADD PRIMARY KEY (`id`),
  ADD KEY `product_galleries_product_id` (`product_id`),
  ADD KEY `product_galleries_color_id` (`color_id`),
  ADD KEY `product_galleries_size_id` (`size_id`),
  ADD KEY `product_galleries_gallery_id` (`gallery_id`);

--
-- Indexes for table `product_shippings`
--
ALTER TABLE `product_shippings`
  ADD PRIMARY KEY (`id`),
  ADD KEY `product_shippings_product_id_foreign` (`product_id`),
  ADD KEY `product_shippings_shipping_id_foreign` (`shipping_id`);

--
-- Indexes for table `product_sizes`
--
ALTER TABLE `product_sizes`
  ADD PRIMARY KEY (`id`);

--
-- Indexes for table `reviews`
--
ALTER TABLE `reviews`
  ADD PRIMARY KEY (`id`),
  ADD KEY `reviews_product_id_foreign` (`product_id`);

--
-- Indexes for table `review_images`
--
ALTER TABLE `review_images`
  ADD PRIMARY KEY (`id`),
  ADD KEY `review_images_review_id_foreign` (`review_id`);

--
-- Indexes for table `roles`
--
ALTER TABLE `roles`
  ADD PRIMARY KEY (`id`);

--
-- Indexes for table `services`
--
ALTER TABLE `services`
  ADD PRIMARY KEY (`id`),
  ADD KEY `services_main_key_id` (`main_key_id`);

--
-- Indexes for table `shippings`
--
ALTER TABLE `shippings`
  ADD PRIMARY KEY (`id`);

--
-- Indexes for table `site_settings`
--
ALTER TABLE `site_settings`
  ADD PRIMARY KEY (`id`),
  ADD KEY `site_settings_user_id` (`user_id`),
  ADD KEY `site_settings_service_id` (`service_id`);

--
-- Indexes for table `sliders`
--
ALTER TABLE `sliders`
  ADD PRIMARY KEY (`id`);

--
-- Indexes for table `subcats`
--
ALTER TABLE `subcats`
  ADD PRIMARY KEY (`id`),
  ADD KEY `subcats_cat_id` (`cat_id`);

--
-- Indexes for table `users`
--
ALTER TABLE `users`
  ADD PRIMARY KEY (`id`),
  ADD UNIQUE KEY `users_phone_unique` (`phone`),
  ADD UNIQUE KEY `users_email_unique` (`email`),
  ADD KEY `users_role_id` (`role_id`);

--
-- Indexes for table `wishlists`
--
ALTER TABLE `wishlists`
  ADD PRIMARY KEY (`id`),
  ADD KEY `wishlists_user_id` (`user_id`),
  ADD KEY `wishlists_product_id` (`product_id`);

--
-- AUTO_INCREMENT for dumped tables
--

--
-- AUTO_INCREMENT for table `add_to_carts`
--
ALTER TABLE `add_to_carts`
  MODIFY `id` bigint UNSIGNED NOT NULL AUTO_INCREMENT;

--
-- AUTO_INCREMENT for table `banners`
--
ALTER TABLE `banners`
  MODIFY `id` bigint UNSIGNED NOT NULL AUTO_INCREMENT;

--
-- AUTO_INCREMENT for table `blogs`
--
ALTER TABLE `blogs`
  MODIFY `id` bigint UNSIGNED NOT NULL AUTO_INCREMENT;

--
-- AUTO_INCREMENT for table `brands`
--
ALTER TABLE `brands`
  MODIFY `id` bigint UNSIGNED NOT NULL AUTO_INCREMENT;

--
-- AUTO_INCREMENT for table `categories`
--
ALTER TABLE `categories`
  MODIFY `id` bigint UNSIGNED NOT NULL AUTO_INCREMENT, AUTO_INCREMENT=4;

--
-- AUTO_INCREMENT for table `company_contacts`
--
ALTER TABLE `company_contacts`
  MODIFY `id` bigint UNSIGNED NOT NULL AUTO_INCREMENT, AUTO_INCREMENT=2;

--
-- AUTO_INCREMENT for table `company_infos`
--
ALTER TABLE `company_infos`
  MODIFY `id` bigint UNSIGNED NOT NULL AUTO_INCREMENT, AUTO_INCREMENT=2;

--
-- AUTO_INCREMENT for table `confirmed_orders`
--
ALTER TABLE `confirmed_orders`
  MODIFY `id` bigint UNSIGNED NOT NULL AUTO_INCREMENT, AUTO_INCREMENT=5;

--
-- AUTO_INCREMENT for table `contacts`
--
ALTER TABLE `contacts`
  MODIFY `id` bigint UNSIGNED NOT NULL AUTO_INCREMENT;

--
-- AUTO_INCREMENT for table `excels`
--
ALTER TABLE `excels`
  MODIFY `id` bigint UNSIGNED NOT NULL AUTO_INCREMENT, AUTO_INCREMENT=361;

--
-- AUTO_INCREMENT for table `failed_jobs`
--
ALTER TABLE `failed_jobs`
  MODIFY `id` bigint UNSIGNED NOT NULL AUTO_INCREMENT;

--
-- AUTO_INCREMENT for table `features`
--
ALTER TABLE `features`
  MODIFY `id` bigint UNSIGNED NOT NULL AUTO_INCREMENT, AUTO_INCREMENT=33;

--
-- AUTO_INCREMENT for table `google_tags`
--
ALTER TABLE `google_tags`
  MODIFY `id` bigint UNSIGNED NOT NULL AUTO_INCREMENT;

--
-- AUTO_INCREMENT for table `image_galleries`
--
ALTER TABLE `image_galleries`
  MODIFY `id` bigint UNSIGNED NOT NULL AUTO_INCREMENT, AUTO_INCREMENT=5;

--
-- AUTO_INCREMENT for table `landing_page_sections`
--
ALTER TABLE `landing_page_sections`
  MODIFY `id` bigint UNSIGNED NOT NULL AUTO_INCREMENT;

--
-- AUTO_INCREMENT for table `main_keys`
--
ALTER TABLE `main_keys`
  MODIFY `id` bigint UNSIGNED NOT NULL AUTO_INCREMENT, AUTO_INCREMENT=6;

--
-- AUTO_INCREMENT for table `migrations`
--
ALTER TABLE `migrations`
  MODIFY `id` int UNSIGNED NOT NULL AUTO_INCREMENT, AUTO_INCREMENT=45;

--
-- AUTO_INCREMENT for table `orders`
--
ALTER TABLE `orders`
  MODIFY `id` bigint UNSIGNED NOT NULL AUTO_INCREMENT, AUTO_INCREMENT=2;

--
-- AUTO_INCREMENT for table `order_items`
--
ALTER TABLE `order_items`
  MODIFY `id` bigint UNSIGNED NOT NULL AUTO_INCREMENT, AUTO_INCREMENT=2;

--
-- AUTO_INCREMENT for table `order_statuses`
--
ALTER TABLE `order_statuses`
  MODIFY `id` bigint UNSIGNED NOT NULL AUTO_INCREMENT, AUTO_INCREMENT=6;

--
-- AUTO_INCREMENT for table `pages`
--
ALTER TABLE `pages`
  MODIFY `id` bigint UNSIGNED NOT NULL AUTO_INCREMENT;

--
-- AUTO_INCREMENT for table `payments`
--
ALTER TABLE `payments`
  MODIFY `id` bigint UNSIGNED NOT NULL AUTO_INCREMENT, AUTO_INCREMENT=3;

--
-- AUTO_INCREMENT for table `pa_colors`
--
ALTER TABLE `pa_colors`
  MODIFY `id` bigint UNSIGNED NOT NULL AUTO_INCREMENT;

--
-- AUTO_INCREMENT for table `pa_sizes`
--
ALTER TABLE `pa_sizes`
  MODIFY `id` bigint UNSIGNED NOT NULL AUTO_INCREMENT;

--
-- AUTO_INCREMENT for table `permissions`
--
ALTER TABLE `permissions`
  MODIFY `id` bigint UNSIGNED NOT NULL AUTO_INCREMENT, AUTO_INCREMENT=33;

--
-- AUTO_INCREMENT for table `personal_access_tokens`
--
ALTER TABLE `personal_access_tokens`
  MODIFY `id` bigint UNSIGNED NOT NULL AUTO_INCREMENT;

--
-- AUTO_INCREMENT for table `pixel_tags`
--
ALTER TABLE `pixel_tags`
  MODIFY `id` bigint UNSIGNED NOT NULL AUTO_INCREMENT;

--
-- AUTO_INCREMENT for table `privacy_policies`
--
ALTER TABLE `privacy_policies`
  MODIFY `id` bigint UNSIGNED NOT NULL AUTO_INCREMENT;

--
-- AUTO_INCREMENT for table `products`
--
ALTER TABLE `products`
  MODIFY `id` bigint UNSIGNED NOT NULL AUTO_INCREMENT, AUTO_INCREMENT=2;

--
-- AUTO_INCREMENT for table `product_colors`
--
ALTER TABLE `product_colors`
  MODIFY `id` bigint UNSIGNED NOT NULL AUTO_INCREMENT, AUTO_INCREMENT=4;

--
-- AUTO_INCREMENT for table `product_galleries`
--
ALTER TABLE `product_galleries`
  MODIFY `id` bigint UNSIGNED NOT NULL AUTO_INCREMENT, AUTO_INCREMENT=2;

--
-- AUTO_INCREMENT for table `product_shippings`
--
ALTER TABLE `product_shippings`
  MODIFY `id` bigint UNSIGNED NOT NULL AUTO_INCREMENT;

--
-- AUTO_INCREMENT for table `product_sizes`
--
ALTER TABLE `product_sizes`
  MODIFY `id` bigint UNSIGNED NOT NULL AUTO_INCREMENT, AUTO_INCREMENT=4;

--
-- AUTO_INCREMENT for table `reviews`
--
ALTER TABLE `reviews`
  MODIFY `id` bigint UNSIGNED NOT NULL AUTO_INCREMENT;

--
-- AUTO_INCREMENT for table `review_images`
--
ALTER TABLE `review_images`
  MODIFY `id` bigint UNSIGNED NOT NULL AUTO_INCREMENT;

--
-- AUTO_INCREMENT for table `roles`
--
ALTER TABLE `roles`
  MODIFY `id` bigint UNSIGNED NOT NULL AUTO_INCREMENT, AUTO_INCREMENT=2;

--
-- AUTO_INCREMENT for table `services`
--
ALTER TABLE `services`
  MODIFY `id` bigint UNSIGNED NOT NULL AUTO_INCREMENT, AUTO_INCREMENT=17;

--
-- AUTO_INCREMENT for table `shippings`
--
ALTER TABLE `shippings`
  MODIFY `id` bigint UNSIGNED NOT NULL AUTO_INCREMENT, AUTO_INCREMENT=3;

--
-- AUTO_INCREMENT for table `site_settings`
--
ALTER TABLE `site_settings`
  MODIFY `id` bigint UNSIGNED NOT NULL AUTO_INCREMENT, AUTO_INCREMENT=9;

--
-- AUTO_INCREMENT for table `sliders`
--
ALTER TABLE `sliders`
  MODIFY `id` bigint UNSIGNED NOT NULL AUTO_INCREMENT, AUTO_INCREMENT=3;

--
-- AUTO_INCREMENT for table `subcats`
--
ALTER TABLE `subcats`
  MODIFY `id` bigint UNSIGNED NOT NULL AUTO_INCREMENT, AUTO_INCREMENT=4;

--
-- AUTO_INCREMENT for table `users`
--
ALTER TABLE `users`
  MODIFY `id` bigint UNSIGNED NOT NULL AUTO_INCREMENT, AUTO_INCREMENT=2;

--
-- AUTO_INCREMENT for table `wishlists`
--
ALTER TABLE `wishlists`
  MODIFY `id` bigint UNSIGNED NOT NULL AUTO_INCREMENT;

--
-- Constraints for dumped tables
--

--
-- Constraints for table `add_to_carts`
--
ALTER TABLE `add_to_carts`
  ADD CONSTRAINT `add_to_carts_p_color_id` FOREIGN KEY (`p_color_id`) REFERENCES `pa_colors` (`id`) ON DELETE CASCADE ON UPDATE CASCADE,
  ADD CONSTRAINT `add_to_carts_p_size_id` FOREIGN KEY (`p_size_id`) REFERENCES `pa_sizes` (`id`) ON DELETE CASCADE ON UPDATE CASCADE,
  ADD CONSTRAINT `add_to_carts_product_id` FOREIGN KEY (`product_id`) REFERENCES `products` (`id`) ON DELETE CASCADE ON UPDATE CASCADE,
  ADD CONSTRAINT `add_to_carts_user_id` FOREIGN KEY (`user_id`) REFERENCES `users` (`id`) ON DELETE CASCADE ON UPDATE CASCADE;

--
-- Constraints for table `landing_page_sections`
--
ALTER TABLE `landing_page_sections`
  ADD CONSTRAINT `landing_page_sections_product_id_foreign` FOREIGN KEY (`product_id`) REFERENCES `products` (`id`) ON DELETE CASCADE ON UPDATE CASCADE;

--
-- Constraints for table `orders`
--
ALTER TABLE `orders`
  ADD CONSTRAINT `orders_payment_id` FOREIGN KEY (`payment_id`) REFERENCES `payments` (`id`) ON DELETE CASCADE ON UPDATE CASCADE,
  ADD CONSTRAINT `orders_shipping_id` FOREIGN KEY (`shipping_id`) REFERENCES `shippings` (`id`) ON DELETE CASCADE ON UPDATE CASCADE,
  ADD CONSTRAINT `orders_user_id` FOREIGN KEY (`user_id`) REFERENCES `users` (`id`) ON DELETE CASCADE ON UPDATE CASCADE;

--
-- Constraints for table `order_items`
--
ALTER TABLE `order_items`
  ADD CONSTRAINT `order_items_order_id` FOREIGN KEY (`order_id`) REFERENCES `orders` (`id`) ON DELETE CASCADE ON UPDATE CASCADE,
  ADD CONSTRAINT `order_items_p_color_id` FOREIGN KEY (`p_color_id`) REFERENCES `pa_colors` (`id`) ON DELETE CASCADE ON UPDATE CASCADE,
  ADD CONSTRAINT `order_items_p_size_id` FOREIGN KEY (`p_size_id`) REFERENCES `pa_sizes` (`id`) ON DELETE CASCADE ON UPDATE CASCADE,
  ADD CONSTRAINT `order_items_product_id` FOREIGN KEY (`product_id`) REFERENCES `products` (`id`) ON DELETE CASCADE ON UPDATE CASCADE;

--
-- Constraints for table `pa_colors`
--
ALTER TABLE `pa_colors`
  ADD CONSTRAINT `pa_colors_color_id` FOREIGN KEY (`color_id`) REFERENCES `product_colors` (`id`) ON DELETE CASCADE ON UPDATE CASCADE,
  ADD CONSTRAINT `pa_colors_product_id` FOREIGN KEY (`product_id`) REFERENCES `products` (`id`) ON DELETE CASCADE ON UPDATE CASCADE;

--
-- Constraints for table `pa_sizes`
--
ALTER TABLE `pa_sizes`
  ADD CONSTRAINT `pa_sizes_product_id` FOREIGN KEY (`product_id`) REFERENCES `products` (`id`) ON DELETE CASCADE ON UPDATE CASCADE,
  ADD CONSTRAINT `pa_sizes_size_id` FOREIGN KEY (`size_id`) REFERENCES `product_sizes` (`id`) ON DELETE CASCADE ON UPDATE CASCADE;

--
-- Constraints for table `permissions`
--
ALTER TABLE `permissions`
  ADD CONSTRAINT `permissions_feature_id` FOREIGN KEY (`feature_id`) REFERENCES `features` (`id`) ON DELETE CASCADE ON UPDATE CASCADE,
  ADD CONSTRAINT `permissions_role_id` FOREIGN KEY (`role_id`) REFERENCES `roles` (`id`) ON DELETE CASCADE ON UPDATE CASCADE;

--
-- Constraints for table `products`
--
ALTER TABLE `products`
  ADD CONSTRAINT `products_brand_id` FOREIGN KEY (`brand_id`) REFERENCES `brands` (`id`) ON DELETE CASCADE ON UPDATE CASCADE,
  ADD CONSTRAINT `products_cat_id` FOREIGN KEY (`cat_id`) REFERENCES `categories` (`id`) ON DELETE CASCADE ON UPDATE CASCADE,
  ADD CONSTRAINT `products_subcat_id` FOREIGN KEY (`subcat_id`) REFERENCES `subcats` (`id`) ON DELETE CASCADE ON UPDATE CASCADE;

--
-- Constraints for table `product_galleries`
--
ALTER TABLE `product_galleries`
  ADD CONSTRAINT `product_galleries_color_id` FOREIGN KEY (`color_id`) REFERENCES `product_colors` (`id`) ON DELETE CASCADE ON UPDATE CASCADE,
  ADD CONSTRAINT `product_galleries_gallery_id` FOREIGN KEY (`gallery_id`) REFERENCES `image_galleries` (`id`) ON DELETE CASCADE ON UPDATE CASCADE,
  ADD CONSTRAINT `product_galleries_product_id` FOREIGN KEY (`product_id`) REFERENCES `products` (`id`) ON DELETE CASCADE ON UPDATE CASCADE,
  ADD CONSTRAINT `product_galleries_size_id` FOREIGN KEY (`size_id`) REFERENCES `product_sizes` (`id`) ON DELETE CASCADE ON UPDATE CASCADE;

--
-- Constraints for table `product_shippings`
--
ALTER TABLE `product_shippings`
  ADD CONSTRAINT `product_shippings_product_id_foreign` FOREIGN KEY (`product_id`) REFERENCES `products` (`id`) ON DELETE CASCADE ON UPDATE CASCADE,
  ADD CONSTRAINT `product_shippings_shipping_id_foreign` FOREIGN KEY (`shipping_id`) REFERENCES `shippings` (`id`) ON DELETE CASCADE ON UPDATE CASCADE;

--
-- Constraints for table `reviews`
--
ALTER TABLE `reviews`
  ADD CONSTRAINT `reviews_product_id_foreign` FOREIGN KEY (`product_id`) REFERENCES `products` (`id`) ON DELETE CASCADE;

--
-- Constraints for table `review_images`
--
ALTER TABLE `review_images`
  ADD CONSTRAINT `review_images_review_id_foreign` FOREIGN KEY (`review_id`) REFERENCES `reviews` (`id`) ON DELETE CASCADE;

--
-- Constraints for table `services`
--
ALTER TABLE `services`
  ADD CONSTRAINT `services_main_key_id` FOREIGN KEY (`main_key_id`) REFERENCES `main_keys` (`id`) ON DELETE CASCADE ON UPDATE CASCADE;

--
-- Constraints for table `site_settings`
--
ALTER TABLE `site_settings`
  ADD CONSTRAINT `site_settings_service_id` FOREIGN KEY (`service_id`) REFERENCES `services` (`id`) ON DELETE CASCADE ON UPDATE CASCADE,
  ADD CONSTRAINT `site_settings_user_id` FOREIGN KEY (`user_id`) REFERENCES `users` (`id`) ON DELETE CASCADE ON UPDATE CASCADE;

--
-- Constraints for table `subcats`
--
ALTER TABLE `subcats`
  ADD CONSTRAINT `subcats_cat_id` FOREIGN KEY (`cat_id`) REFERENCES `categories` (`id`) ON DELETE CASCADE ON UPDATE CASCADE;

--
-- Constraints for table `users`
--
ALTER TABLE `users`
  ADD CONSTRAINT `users_role_id` FOREIGN KEY (`role_id`) REFERENCES `roles` (`id`) ON DELETE CASCADE ON UPDATE CASCADE;

--
-- Constraints for table `wishlists`
--
ALTER TABLE `wishlists`
  ADD CONSTRAINT `wishlists_product_id` FOREIGN KEY (`product_id`) REFERENCES `products` (`id`) ON DELETE CASCADE ON UPDATE CASCADE,
  ADD CONSTRAINT `wishlists_user_id` FOREIGN KEY (`user_id`) REFERENCES `users` (`id`) ON DELETE CASCADE ON UPDATE CASCADE;
COMMIT;

/*!40101 SET CHARACTER_SET_CLIENT=@OLD_CHARACTER_SET_CLIENT */;
/*!40101 SET CHARACTER_SET_RESULTS=@OLD_CHARACTER_SET_RESULTS */;
/*!40101 SET COLLATION_CONNECTION=@OLD_COLLATION_CONNECTION */;
